023f
0045
002c
fe1d
0129
fea2
0772
0107
0096
ff69
0431
fd01
0545
fd0b
ffb1
fff3
059c
fed7
feea
038c
0192
045f
00e2
00ce
0094
03d6
00c2
016b
ffd3
fe7c
03d0
01f9
fe40
ff2d
fc81
0008
022b
ff66
fee0
0185
0023
00ca
02f0
ff8d
05e9
fdfb
fd3b
07d7
0168
01b9
02bd
00b3
0774
fd63
fdfb
fb44
030b
0015
017c
fe5f
040a
0139
0054
fd56
fd53
f73e
f9b5
fd6a
fe57
fc80
fa44
fe7f
ff68
fd65
02cf
04ce
fc2c
04c7
0507
fff7
fe53
02ac
01f2
fd95
fe30
ff97
02c4
fe13
fab7
f664
fe4a
0096
fe45
fde1
fffc
fe05
0630
fee9
0107
fdd4
0025
fd7b
0004
0452
fce8
fc39
fe7f
ffcc
02cc
fc88
03b8
fee9
00a5
fb6a
009c
002d
ff03
fe4d
ff8a
02a8
00c2
006d
07e5
0604
00dd
0004
fec8
fffa
002e
fcc0
045a
006d
0c53
fef1
ff91
fa73
047b
fe02
0012
ff21
fe9b
fc69
ffbc
02ee
0397
04ae
032e
fdd8
faf3
071a
0588
fd58
02fc
036e
0056
0339
fda9
ffae
ff4f
fdcb
02c1
00f4
ffdb
fde4
035a
04ca
010f
f681
fac3
016b
fa4b
01ec
016c
0220
001d
fa58
02c6
01e6
feef
1f4a
fe1c
039e
074e
00d3
0000
0404
fff8
fb5b
ff65
fb0e
0343
fca1
0090
010d
ffa0
fe4f
fca5
fd98
123a
0337
ff9b
00ed
ff5c
fbca
00ca
fd64
ff20
fd1e
05ec
ff58
0087
fc0d
029b
fe26
0130
02a9
0343
0195
0218
fd51
ffbd
0114
0212
ff4e
0445
004f
002d
ff20
01a8
0138
fdb5
0083
fbae
fde8
01ca
fe3b
02f5
fe43
fee3
f4d9
0025
0243
00fb
fe22
0013
038b
0184
fd9b
f9a9
ffd8
f817
ffc0
0079
fd85
fbf6
fde1
fd54
fca8
04aa
01ae
ff6e
11e9
fd33
fac8
008b
ffad
055d
0115
014a
ff43
fd01
ff75
039e
ff73
ff53
fee9
fa03
02bd
03c6
fb2b
f7ff
fe52
ff65
ff76
ff2a
fc3f
022d
fb28
02ca
0000
ff14
fe58
0100
01c4
fdd1
fdc6
fea7
feea
f9eb
ffe8
00cb
054c
0248
f8a5
005d
f876
0029
027f
0019
ff64
00a2
01e5
fd34
03ce
0219
0064
fc87
0205
feda
fcc7
fe6e
fc80
034d
060f
169f
fe7f
fb81
fae9
040c
0012
fe0d
fe51
f681
ff4b
fcae
f76c
fe15
ffeb
0361
fe99
017f
0621
009c
fb3c
fcba
f5cf
04dd
039c
fa07
077f
fc1c
0371
ec7e
fd0f
fdb2
fe77
fb8c
ff3b
fd0a
ff29
01cd
fa19
0add
0601
ffab
f7e1
fdb5
014f
047c
fed8
fd65
1d51
00b1
fac1
014e
ffd6
fce3
ffe4
fb04
fc46
fa63
03cf
0017
fcbe
fe3f
fd18
021c
fdec
fe23
fe41
ee99
00a6
fc8e
023b
00fe
0005
0270
0108
00f7
fe85
ff5d
06e9
02d7
fad5
fefd
ff74
ff7d
0179
0161
01ee
fee8
07b4
fb4c
0057
0156
ffa1
023c
fe7c
038d
09e9
febf
ff6f
004d
00a8
ff8f
012f
02ca
fff9
0136
01b6
00ec
17e9
fe8b
fe4b
0015
ffdd
fc5c
fec8
0027
0154
0123
ff7a
0141
0149
ffcd
fe64
00a9
fa03
02de
0025
fb5c
0350
fc10
f744
f868
fdd0
056b
ff01
00c8
f5ca
0044
02ed
014d
0357
0011
ff5d
ffe3
00c3
03e7
0740
0157
0410
0ae5
fc85
ffde
fec9
01b6
04ba
0255
05d0
fe15
01eb
03a9
fcde
f8f2
032e
f9d1
f8f1
ff8f
0116
01f6
ff5c
fccb
0328
ff9c
1f13
fc7e
0647
fe1c
0335
fd69
ff83
0595
01dc
ff7f
fd5c
ff3e
fe98
fd13
082f
00e2
0099
ff64
0047
00f1
0124
f574
02cf
0226
fdb7
fdef
0056
ffad
009a
ffa9
005f
fd78
011e
022e
ff8d
ffd1
fed7
fff5
ff18
fe58
01db
ff75
00d4
0152
00e7
017d
0249
febb
0008
047c
0364
012e
0038
f9a8
00d8
004f
02b8
fedf
fe6a
ff63
012d
020a
00b3
0068
ffb7
fd72
0568
fea3
2f38
008b
ff8c
017b
ff09
fee6
fa8e
fe20
fdbc
0137
fe8c
0085
0127
0000
0000
0000
0000
0000
0000
0000
0000
0000
0000
0000
0000
0000
0000
0000
0000
0000
0000
0000
0000
0000
0000
0000
0000
0000
0000
0000
0000
0000
0000
0000
0000
0000
0000
0000
0000
0000
0000
0000
0000
0000
0000
0000
0000
0000
0000
0000
0000
0000
0000
0000
0000
0000
0000
0000
0000
0000
0000
0000
0000
0000
0000
0000
0000
0000
0000
0000
0000
0000
0000
0000
0000
0000
0000
0000
0000
0000
0000
0000
0000
0000
0000
0000
0000
0000
0000
0000
0000
0000
0000
0000
0000
0000
0000
0000
0000
0000
0000
0000
0000
0000
0000
0000
0000
0000
0000
0000
0000
0000
0000
0000
0000
0000
0000
0000
0000
0000
0000
0000
0000
0000
0000
0000
0000
0000
0000
0000
0000
0000
0000
0000
0000
0000
0000
0000
0000
0000
0000
0000
0000
0000
0000
0000
0000
0000
0000
0000
0000
0000
0000
0000
0000
0000
0000
0000
0000
0000
0000
0000
0000
0000
0000
0000
0000
0000
0000
0000
0000
0000
0000
0000
0000
0000
0000
0000
0000
0000
0000
0000
0000
0000
0000
0000
0000
0000
0000
0000
0000
0000
0000
0000
0000
ffb9
001d
003a
ff98
00bb
0141
ffd7
ffd1
fff2
ff39
01a6
005f
0146
fff4
00f6
01cf
0034
ff79
ffec
ffdf
0048
ff91
0152
fea3
010f
ff82
ff21
009c
0012
ffb4
0052
fed2
0069
00c2
ff9e
00d1
ffa3
ffc6
008c
0143
0028
ff19
fe2b
0038
ff50
fffb
ff9f
000e
0036
ff3e
005d
0052
01ac
0008
00b4
0062
fef0
fff2
0159
ff8b
ff14
fecb
0007
feee
0050
ff7c
0194
ff5a
0084
ffac
0006
feb3
013b
0040
feed
0099
006e
0132
ffb0
007f
000e
00bd
0074
fedb
00cf
0080
0026
ff51
0009
ff1f
0084
fedd
ff58
00c1
003b
00ac
ffe5
0062
0008
0150
0085
ff74
fffc
023e
fffb
ff6e
ff85
ff22
fef9
00ea
0067
00df
ffe7
0000
00f9
0009
fec2
02c4
ff54
0029
ffbb
fecc
0098
0155
ffa4
ff95
005a
fe7c
ffca
00bb
00c0
fdfc
ff23
0132
00f2
00e6
ffd8
fe92
016d
ff68
0049
00d2
ffc6
fe4a
ffbe
0057
00c5
ff9d
0070
00e4
ff04
fe7d
0108
00bb
ff3e
ffbd
00bb
0074
ffe0
ffc9
fefb
001f
00f3
ff05
0013
003d
008b
ff6c
ff7c
ff60
0056
ffcd
00d7
01e4
0051
001f
ffb1
ffa2
00ba
00d4
fdbd
007a
ff83
00b8
012b
ff79
fee8
ff32
0071
008e
fffb
0151
0078
000e
ffd7
ffaf
00c6
007b
006d
0007
ff81
ffd7
00c1
00ea
0181
ff3e
00a9
0153
ffbd
fed2
fed4
00f1
fff2
0113
fffd
feda
00d8
005d
ffdc
0090
0125
0071
0051
fef9
00cc
0059
00d8
0070
0079
ff25
0093
ffd3
00b0
feb0
0028
001a
ff6c
ff1f
ffe1
ffc1
00c3
0066
ff7b
0029
00f7
ffe6
0071
0122
fe58
00a4
00df
ff2e
010a
00f4
0046
ffa9
ff97
ffad
0104
ff99
00e1
0091
ffc4
fea4
0003
0119
ffee
feb4
ff2c
018f
fec2
00fb
0063
ffde
003b
0066
ffd2
00fd
00ca
fea3
ffb6
0067
ffae
ff61
ff9a
0052
0037
014c
00e5
0016
00ec
01c3
ff4f
ff8e
0106
029d
0074
0044
ff6e
feb2
fef6
0130
ff87
0059
012d
ffa5
00fa
00b8
fdea
01f5
0112
00b8
00fc
ffb3
ffc9
0375
000a
ffee
007b
fe85
00d2
0105
ff7d
ffc8
ff68
00ca
00c1
ff60
ff8f
fe57
ffd6
fef3
feba
00e5
ff69
ff46
fe7e
0138
ffff
00de
0053
0012
00f8
fedf
0017
011d
fef2
ff25
00a6
0120
00bb
ff15
007f
01fe
0128
fecc
ff7a
ff64
0064
ffdf
ff42
ff03
fec9
ffff
feda
00ea
004e
0077
00d7
0007
ffb7
ffeb
fde8
ffe4
00b1
022b
003d
01b4
fec4
fe6d
0059
ff8c
ffdb
0161
011a
0089
ff91
ff6b
0253
024a
0146
012b
ffd5
ff44
fff0
00af
fe9e
fe8e
00f7
0223
ff34
ff84
ff32
00cd
01bc
00f8
0021
ff69
fee4
ff88
00c5
ffff
00d5
01e3
ffd6
fef2
ffdb
fef9
fe9b
00cb
00e6
00fc
0117
0148
012c
fe76
ff59
0019
fe4c
ffcd
ff42
002a
fef1
fe8e
ff62
0173
00d5
ff50
0018
00d8
ffb3
01a6
0000
fef4
00a7
ff85
003e
fefb
0147
ff75
00d9
ff60
ff9c
fe6e
0006
fe0f
00e8
00a7
fe2f
0071
ff0c
0164
fea1
ff2e
000e
ff8c
ffaa
ff45
ffa7
014b
00de
ff99
00c8
0025
000f
ff3f
008d
001f
ff1d
0110
ffe2
006a
00a6
ff9c
fea4
000a
ff0e
024e
ff41
ff19
ff38
ff21
fee8
00e4
00d3
fff9
00b2
004f
017e
fefd
fded
02ab
fff6
ffdc
00b8
ffe9
ffa4
0323
005c
ffbe
001b
feef
fff5
ff32
002d
ff7f
feec
0063
0143
00ec
ff56
002e
00e1
ff2a
fe22
ff55
ff78
fdb8
0166
006a
0061
013a
0002
0187
0025
ff7b
ff42
ff38
0148
ffdf
ff00
015b
ff6f
ff31
0056
00a7
028e
fdea
fec5
0058
01b3
ff39
ffe2
003a
009d
ff03
fe5c
0100
017c
ffa3
ff82
fe7b
0018
0022
ff11
ff88
feb4
00bd
01d0
00d8
0007
fee3
0127
fffb
ffff
0040
0000
0000
0000
0000
0000
0000
0000
0000
0000
0000
0000
0000
0000
0000
0000
0000
0000
0000
0000
0000
0000
0000
0000
0000
0000
0000
0000
0000
0000
0000
0000
0000
0000
0000
0000
0000
0000
0000
0000
0000
0000
0000
0000
0000
0000
0000
0000
0000
0000
0000
0000
0000
0000
0000
0000
0000
0000
0000
0000
0000
0000
0000
0000
0000
0000
0000
0000
0000
0000
0000
0000
0000
0000
0000
0000
0000
0000
0000
0000
0000
0000
0000
0000
0000
0000
0000
0000
0000
0000
0000
0000
0000
0000
0000
0000
0000
0000
0000
0000
0000
0000
0000
0000
0000
0000
0000
0000
0000
0000
0000
0000
0000
0000
0000
0000
0000
0000
0000
0000
0000
0000
0000
0000
0000
0000
0000
0000
0000
0000
0000
0000
0000
0000
0000
0000
0000
0000
0000
0000
0000
0000
0000
0000
0000
0000
0000
0000
0000
0000
0000
0000
0000
0000
0000
0000
0000
0000
0000
0000
0000
0000
0000
0000
0000
0000
0000
0000
0000
0000
0000
0000
0000
0000
0000
0000
0000
0000
0000
0000
0000
0000
0000
0000
0000
0000
0000
0000
0000
0000
0000
0000
0000
fff3
0030
0049
00e2
0058
ff93
ffda
fffb
0024
003f
002e
ffb4
0021
ffb1
ffc4
ffb0
0039
ffd5
ffc6
ff40
006c
001f
000d
002a
0053
0006
0058
ffea
008d
000e
ff75
0017
0001
ffb9
001c
0008
0010
ffa8
000e
ffd1
0063
ffda
0015
ffec
002a
0013
0004
000a
ffae
ff8f
ffc0
ffab
ff7b
ffb3
0017
0007
002f
ffd1
0049
0026
ffd4
00c0
002b
002a
0093
0010
ffd3
ffec
000f
fffa
0027
0010
fff2
ff7a
0059
0131
ffdf
fffd
ffd5
ff3d
000f
ffb3
ff8a
ffd4
ffa8
0015
ffa5
0013
005d
0005
0000
002d
0000
0003
ffd1
ffae
0022
ffb4
ff6f
000e
ff7d
ff87
ff69
007f
ffa1
ffaf
ffc2
0022
0029
ff9f
0020
ffd8
0023
0035
006b
ffe5
ffb1
0007
0030
0005
ffe9
ffcc
ffe9
003c
0029
0057
000c
ffde
ffef
ffaf
0067
0001
0086
fffc
ffa0
ffa9
0036
fff4
ffdb
0009
ff80
0044
ff95
ff99
ffd0
ff88
ffae
ffd7
0091
0058
ff86
0030
0077
0034
ff9e
ffcd
ffe1
000f
ffbd
0070
fff9
ffce
ffe8
ffed
ffdd
0015
0000
007c
ffe6
ffd1
0020
0037
0030
009d
00bd
0035
0064
00c1
ff8f
0022
ff8b
0004
001c
001b
ff8b
ff9a
ffa7
ff73
0007
0035
fffa
000f
ff91
0042
ffe3
00b0
002b
ffcc
0037
ffdd
ffa7
ffd8
0030
0020
0029
0030
fff8
ffc2
0088
ffe2
ffd2
ffd0
0035
0013
ffc7
0003
0059
fff1
0037
001a
0135
001b
fff3
000e
001d
ff9f
0014
ffe6
ffc1
ffbf
fffc
ffec
008f
ffb3
0053
fff1
0000
0013
0017
ff79
0002
ffc7
ffaf
ffc4
fff3
ff84
0051
fffe
ffda
fff4
005c
fffd
ff65
ffcd
006b
fffa
000b
002a
ffb1
ff6d
ffdd
0032
0050
ffd8
0002
ffb8
001e
00f3
fff0
005d
ffdc
ff82
003a
ffd6
ffe6
ffff
fff4
007e
ffd8
003a
0086
fffe
0041
ff91
007a
fff9
ffbf
ffa2
0097
ffb9
ff9f
000e
fff1
ff9f
fffc
0018
fffd
ffcd
000d
0060
ffef
0035
ffa1
0010
ff9a
fff2
004f
ff7f
ffc0
ffdb
0003
000b
ffff
0049
ffa0
0009
000c
ffe0
0028
ffaf
ffed
0003
0005
0013
0084
ffc9
ffd3
ffc1
00dd
ff98
ff82
000b
003c
0058
ffc2
0012
ffe0
ffaf
ffde
ffda
0049
0063
ffb7
0037
006f
ffe6
ffd3
0074
0073
0002
ffbf
0058
ffe1
0012
ff87
ffad
0016
0019
0029
ffd3
ffe6
ff8e
fff3
0050
ffe1
ffd6
0056
0021
004a
0013
ffe1
0026
003c
ffe9
0031
006f
ff82
ffd3
ffad
0065
0001
0063
0011
fff8
ff82
ffee
ffe1
007d
003a
fff8
007f
ffc0
ffdf
0091
005a
0001
0001
fffd
ffd4
001b
009d
ffc0
0028
ffff
0069
000c
ffa1
fff7
00e2
0060
0008
0025
0117
ffea
ff69
0013
ffe3
ffdc
0056
0038
ffde
ffb3
ffe2
0008
0032
004c
002a
ffc8
006d
0019
ffb6
ffd9
0010
ff81
0055
ffd9
0013
ff67
fffb
0080
ffdc
0007
ff70
0056
ff60
ffc8
002e
0064
0044
ff8b
0019
ff6a
0050
0024
0068
000b
0014
ffa8
0076
0099
ffa9
ffd7
ffc5
fff6
008d
0054
ff5a
000b
ffea
0056
ffef
00b3
0053
0026
0014
ff52
0030
ffd5
ffc7
ffad
0037
ffaa
fff2
0002
ff91
ffba
0052
0018
ffb1
ff82
ffa4
004a
0016
0042
ffae
ff97
ffb5
000e
0017
ffa8
ff45
0072
002d
0090
0092
0076
0004
0004
fff3
ffd1
0001
000f
fffa
ffec
ffbc
0003
0076
ffa7
ffa5
fff6
ffee
007b
0022
fff2
0006
0056
0036
fffe
ff8a
0014
ffd3
fedd
ffde
ffd4
ff9a
0011
008d
ffd2
0023
002c
008c
00a3
ffc4
003c
ffff
ffcd
0014
ff85
ff78
000f
006b
002c
004a
ff5f
fffe
ff5f
000f
ffcf
0071
fff6
006b
0095
ff91
ffce
ffdd
ffc9
0010
007e
0007
ff7e
ffab
ffed
fff1
00d5
ffef
ffe8
0000
0000
0000
0000
0000
0000
0000
0000
0000
0000
0000
0000
0000
0000
0000
0000
0000
0000
0000
0000
0000
0000
0000
0000
0000
0000
0000
0000
0000
0000
0000
0000
0000
0000
0000
0000
0000
0000
0000
0000
0000
0000
0000
0000
0000
0000
0000
0000
0000
0000
0000
0000
0000
0000
0000
0000
0000
0000
0000
0000
0000
0000
0000
0000
0000
0000
0000
0000
0000
0000
0000
0000
0000
0000
0000
0000
0000
0000
0000
0000
0000
0000
0000
0000
0000
0000
0000
0000
0000
0000
0000
0000
0000
0000
0000
0000
0000
0000
0000
0000
0000
0000
0000
0000
0000
0000
0000
0000
0000
0000
0000
0000
0000
0000
0000
0000
0000
0000
0000
0000
0000
0000
0000
0000
0000
0000
0000
0000
0000
0000
0000
0000
0000
0000
0000
0000
0000
0000
0000
0000
0000
0000
0000
0000
0000
0000
0000
0000
0000
0000
0000
0000
0000
0000
0000
0000
0000
0000
0000
0000
0000
0000
0000
0000
0000
0000
0000
0000
0000
0000
0000
0000
0000
0000
0000
0000
0000
0000
0000
0000
0000
0000
0000
0000
0000
0000
0000
0000
0000
0000
0000
0000
000e
0013
ffee
ffe9
000d
ffe8
0002
0011
ffff
0002
0007
fffe
001e
0019
0005
fffa
000f
fffd
fff5
fff7
fffa
fff9
0022
fff4
fff5
0015
0004
0004
fff7
ffee
ffec
0002
000c
fffb
000a
0009
ffd8
fff2
fffb
fff5
001d
0006
000e
fff4
ffec
ffed
fffb
0001
ffeb
fffe
fff0
fff5
0020
fffd
0011
0008
0005
0004
ffea
0001
0005
000a
ffef
fff6
0011
ffff
ffdc
fffc
ffff
0011
ffe9
0027
0012
ffcf
ffef
fffe
0012
0001
ffea
ffe2
ffe0
001d
000e
fff2
fffe
ffde
fff3
001e
fff8
ffe7
fff9
ffe2
000b
000e
ffdc
0003
0000
000e
fffb
000a
003b
004c
0007
0022
ffdb
000c
0011
0007
fffe
fff8
ffe9
0002
0007
ffe1
000b
ffd9
0002
0005
0020
0008
000f
0008
ffed
fff1
000e
fff4
000b
0016
ffe9
0016
ffd9
0034
0011
fff1
ffed
001d
fff1
000b
0004
ffee
fffc
0017
0000
0006
fffa
0008
ffda
0009
002c
fffc
0010
ffe2
fff2
ffef
0035
fffb
0022
0003
0009
000f
0004
ffe2
000f
0008
fffb
ffe1
ffef
ffe6
000a
001b
0010
ffed
0008
0024
fff0
0028
0014
000f
ffee
001d
0002
000c
fff2
fff8
ffea
fff6
000b
0010
fffc
fff5
ffb8
fff4
fff8
fff9
fff7
ffe4
fffa
ffef
ffea
000d
fffa
0004
0007
0010
0011
0007
fff7
0012
fff4
ffec
0017
0021
fff1
fff7
001c
0004
fffa
000d
0000
0007
fff8
000d
ffd8
fff0
0009
ffd9
0005
0027
ffdb
0001
0018
ffed
0018
0009
fff4
000e
ffef
000e
0002
fff9
0019
ffff
fff3
0008
0011
ffdf
fff5
fffe
0016
0000
ffe0
0002
fff4
fff9
fff9
0039
0002
0022
fffa
ffd8
0017
ffea
000b
0023
0022
ffe0
0014
ffea
0033
000e
ffd9
ffef
ffed
0024
0005
0008
0003
ffe8
fff4
0000
fffb
0001
ffda
ffde
0001
0012
ffcd
ffee
000e
0010
0002
0046
002b
0024
000a
0018
ffea
0005
fffb
fff0
0018
0010
ffd4
0026
000d
0013
ffdc
ffe9
fffc
000d
0013
fffe
0005
fff0
fffc
000b
003f
ffea
0031
000a
fff1
0007
ffd1
0022
0012
000f
fff5
0048
001b
0007
0013
ffd6
0004
fffc
ffdc
0019
000b
0014
ffd9
001a
001d
fffd
0009
fff6
fffb
0006
000c
ffcc
001b
ffeb
000a
0005
0025
fffa
0014
001f
0003
ffb5
0009
fff7
ffe8
000d
0010
fffe
ffef
0027
fff3
0010
0007
0017
ffe9
001a
0002
0011
0007
fff9
002c
000f
ffd3
ffeb
001b
ffee
ffc7
fff1
fff5
0003
fffb
ffed
0016
0000
0005
0008
0001
fffa
000d
fffb
0015
0003
000c
000c
fff9
ffea
000f
0011
0006
fff1
0002
fffd
ffeb
001b
000d
fffe
fff7
0007
fff4
ffce
000b
ffe7
0001
0012
ffe6
fff3
0018
ffe8
000c
fffd
fff0
fff1
fff7
0009
0000
0018
fff1
fffe
fff3
0003
fff7
0006
fff1
0012
0017
0001
0009
0002
0000
0005
ffed
000c
fff8
0026
ffe2
ffe5
000d
fffa
fffe
000e
0001
fff2
0001
0006
0028
0011
ffe5
ffdd
ffdd
0019
000b
000a
0016
fff1
ffef
0009
fff0
000f
ffed
ffdc
0009
0014
ffca
0000
fffd
fffe
0018
0024
0032
0040
fff4
001d
fff8
fffb
0005
ffe6
fffc
0011
ffd5
0011
fffe
ffc8
ffd5
ffbb
0016
0011
001f
ffff
fff1
ffeb
0004
ffce
0017
ffde
0014
000d
fff3
0014
ffdf
002f
fffe
ffdf
0007
001f
0016
0024
0009
ffe7
fffe
0005
ffe7
0028
0007
001f
ffe1
0001
0046
ffec
0018
fff2
fff2
0007
001f
0019
000e
000c
0004
000e
fffb
ffda
fffc
fffc
fffb
ffd2
ffe8
ffd6
ffdc
0017
fffa
0004
0024
0033
ffe8
0011
fff2
0034
ffdf
0002
fff5
ffeb
000c
ffdb
fff1
000f
fff4
fff0
000a
ffe7
ffd0
fffa
0000
0000
0000
0000
0000
0000
0000
0000
0000
0000
0000
0000
0000
0000
0000
0000
0000
0000
0000
0000
0000
0000
0000
0000
0000
0000
0000
0000
0000
0000
0000
0000
0000
0000
0000
0000
0000
0000
0000
0000
0000
0000
0000
0000
0000
0000
0000
0000
0000
0000
0000
0000
0000
0000
0000
0000
0000
0000
0000
0000
0000
0000
0000
0000
0000
0000
0000
0000
0000
0000
0000
0000
0000
0000
0000
0000
0000
0000
0000
0000
0000
0000
0000
0000
0000
0000
0000
0000
0000
0000
0000
0000
0000
0000
0000
0000
0000
0000
0000
0000
0000
0000
0000
0000
0000
0000
0000
0000
0000
0000
0000
0000
0000
0000
0000
0000
0000
0000
0000
0000
0000
0000
0000
0000
0000
0000
0000
0000
0000
0000
0000
0000
0000
0000
0000
0000
0000
0000
0000
0000
0000
0000
0000
0000
0000
0000
0000
0000
0000
0000
0000
0000
0000
0000
0000
0000
0000
0000
0000
0000
0000
0000
0000
0000
0000
0000
0000
0000
0000
0000
0000
0000
0000
0000
0000
0000
0000
0000
0000
0000
0000
0000
0000
0000
0000
0000
0000
0000
0000
0000
0000
0000
fff9
fff5
0022
0018
ffcf
ffe7
fff6
0024
fff8
0018
0029
000c
0007
0003
0013
ffe0
fffa
000b
0047
ffe8
fffc
ffec
fffb
0038
000d
0006
0014
fffd
fffb
fffd
fff0
ffe5
000a
001c
ffe7
0025
0000
ffec
0010
0008
0034
fffc
000b
0003
ffda
0019
ffe3
fff6
001e
0017
ffe8
ffe3
fff7
0025
fff1
001e
fff6
000e
fff8
0025
0016
ffd5
ffe7
ffeb
0017
fff0
ffd9
ffe2
fff3
ffea
ffdd
ffd4
000a
000d
0004
0020
fffc
0016
fff5
0014
0005
000a
ffec
001a
fff5
ffd2
fffb
0013
0009
0006
fff4
0003
0033
ffde
001b
0008
ffd4
ffee
0018
fff7
000e
ffe0
fff6
0016
fffa
fffc
0014
fff6
fff2
ffef
000d
0018
fff5
0001
001d
0023
fff1
0003
0001
0002
ffed
0016
0002
000f
ffe6
fffa
ffe5
fff0
000d
0014
0013
0007
fff4
0018
0013
000c
000e
001d
ffed
000a
ffe6
0007
fffa
fff7
0005
0003
0017
001e
fff7
ffd6
ffdb
ffe3
fff3
0019
fffc
000a
fff6
000a
fff0
ffd6
000c
ffd9
fffc
fffe
fff4
fff4
000a
0007
0001
ffea
0003
002b
0015
ffff
ffff
0013
ffeb
0016
000d
000d
fff4
0001
0005
001f
0009
fffa
fffd
fff3
001f
000e
0006
0016
ffef
0003
fffe
0012
fffe
ffc7
fff1
0004
0010
0020
0024
0021
fff6
0025
0015
ffe6
0003
000b
0037
ffe2
ffe7
fff6
0001
000b
ffe6
0016
0026
001c
000a
fff9
ffe7
fff1
0016
002d
0001
0025
0037
ffeb
0009
ffec
fff5
000a
0004
fffe
ffd2
0040
fffa
fff7
0001
002b
ffe2
ffe2
fff3
001f
fff6
002c
000c
0005
fff9
0016
0007
ffd7
0006
fff4
001e
0001
fff7
ffdc
fff0
ffea
0004
ffde
0004
0017
001b
fffb
0028
0004
000b
fff0
fffc
ffcc
ffec
001e
fffe
ffe1
ffd1
0008
fffc
0032
0000
000e
fffb
ffd8
001d
001a
ffdc
000b
0020
0031
fff6
ffdb
0019
0014
0038
ffe1
0022
ffd0
0004
fff1
0010
fffb
fff5
0029
0007
001e
ffda
001e
fffd
001c
fff9
0021
ffe0
ffee
0011
ffe7
ffe8
ffed
0003
000b
000e
000d
0000
0003
ffec
000d
fff9
0023
0008
ffeb
ffec
0007
001b
000b
0007
ffeb
fff1
0024
0008
ffec
ffd3
ffeb
ffe7
0011
fffb
ffe9
fff6
0018
ffca
ffdd
0017
ffd0
0016
ffef
fff8
0011
fffc
0012
fffb
0002
ffff
0011
001e
fffd
0003
fffb
fff3
002f
0005
0015
ffda
0014
0008
0017
000b
ffff
fff5
0006
0021
0016
000e
0000
000b
fff9
000c
000b
ffe8
ffe6
fff4
000d
001c
002b
002c
0002
ffdc
fffe
0017
fffa
ffd7
fffd
0051
ffe5
fff2
ffe0
000b
002f
0008
0017
000f
0014
0010
ffe8
ffeb
fffc
0024
0001
000f
0023
000f
0030
fffc
ffff
001e
fff8
ffeb
fffc
fff1
0014
fffa
ffee
0013
fffe
ffe6
ffd4
000c
0001
ffed
0016
fffa
fff0
ffd9
001a
0015
ffee
fff2
ffe6
001a
ffeb
fff9
ffdb
ffe2
ffe7
ffeb
ffdc
fff5
0005
0023
002e
0018
0017
ffef
0020
0028
ffd8
ffe6
fff4
0008
fff1
ffe2
0004
0018
002c
fff4
0030
0001
ffda
000d
0004
ffea
fff3
ffe6
002d
001f
ffe8
0006
0008
001c
0009
ffff
fff5
fffd
0001
0028
0009
fffc
ffed
0009
000d
fffe
0014
0007
0002
000f
fff9
0003
ffff
fff4
ffdb
0007
fff1
0009
000f
000b
0009
ffd8
0017
0010
0011
fff5
001e
fff8
fffe
fffc
000d
fff1
0014
0007
fff2
0010
002f
000c
fffe
ffe8
ffd2
ffe2
0010
fffe
fffe
000c
0005
ffdf
ffe1
000b
fffb
fffa
fff3
fffa
fffb
fff1
0005
fff8
ffee
ffe6
0024
0021
000e
ffff
0006
fff3
0022
fffb
0021
fffa
0003
0002
0040
0002
0001
ffe8
ffe9
0021
0003
0017
0006
0000
0000
0000
0000
0000
0000
0000
0000
0000
0000
0000
0000
0000
0000
0000
0000
0000
0000
0000
0000
0000
0000
0000
0000
0000
0000
0000
0000
0000
0000
0000
0000
0000
0000
0000
0000
0000
0000
0000
0000
0000
0000
0000
0000
0000
0000
0000
0000
0000
0000
0000
0000
0000
0000
0000
0000
0000
0000
0000
0000
0000
0000
0000
0000
0000
0000
0000
0000
0000
0000
0000
0000
0000
0000
0000
0000
0000
0000
0000
0000
0000
0000
0000
0000
0000
0000
0000
0000
0000
0000
0000
0000
0000
0000
0000
0000
0000
0000
0000
0000
0000
0000
0000
0000
0000
0000
0000
0000
0000
0000
0000
0000
0000
0000
0000
0000
0000
0000
0000
0000
0000
0000
0000
0000
0000
0000
0000
0000
0000
0000
0000
0000
0000
0000
0000
0000
0000
0000
0000
0000
0000
0000
0000
0000
0000
0000
0000
0000
0000
0000
0000
0000
0000
0000
0000
0000
0000
0000
0000
0000
0000
0000
0000
0000
0000
0000
0000
0000
0000
0000
0000
0000
0000
0000
0000
0000
0000
0000
0000
0000
0000
0000
0000
0000
0000
0000
0000
0000
0000
0000
0000
0000
000f
fff8
0020
fffb
0008
0032
0028
ffdd
ffd8
fffb
ffd8
fffc
fff2
001b
fff8
001d
0005
ffea
ffb0
ffd1
000a
ffb7
ffe2
000b
fff1
fff7
002c
ffeb
ffc5
0025
0044
ffea
003f
004c
0008
0006
ffec
ffd9
0008
0017
ffdd
fff8
0004
0016
0013
002c
0006
ffe5
0012
ffbf
0031
0030
fff7
ffe4
0008
0011
ffee
0014
ffcc
ffd7
0012
fffc
0008
ffdc
0041
fffc
fff0
0024
ffb3
ffe7
0001
002c
ffb0
0000
0015
0016
fff1
ffe0
fffe
ffe9
0005
0030
fff1
0012
ffe8
0004
001a
0001
001b
003a
fff7
ffff
0023
0004
ffe3
ffd7
0018
ffef
ffe3
ffd1
ffee
ffdf
001f
0017
0000
0013
0021
0017
ffab
0024
ffdb
0025
ffee
ffff
001e
0000
0036
ffe9
0011
fffc
0040
ffff
fff3
ffe2
ffdd
ffda
fffc
ffbf
ffd7
0006
0012
fffe
0001
ffea
ffe4
fff6
ffef
fff4
ffff
0002
0008
0004
fff0
fff0
0002
fff9
fff4
0014
0006
000e
ffe5
ffe7
fffa
0012
0026
fffd
0025
ffd8
0006
ffe9
0025
0006
000f
ffe5
fff3
000f
ffe8
ffe9
0010
0001
fff2
ffe9
0012
fff6
fffe
0004
0015
0017
fff6
ffeb
fff2
0015
0024
0011
0003
ffe1
fffa
fff5
0000
ffef
ffec
0001
ffda
0002
0014
ffdd
ffe5
0000
0034
ffd4
0010
fffb
ffb2
001f
ffe5
001c
fff5
0008
fffd
ffc0
ffa6
0012
001f
ffc0
ffee
ffcb
0009
ffff
ffee
0026
fff5
0059
002e
ffe0
0030
ffe9
fff8
000c
fff0
ffb2
fff6
0001
0004
fff8
ffef
000f
fff6
0019
0014
ffe8
0024
ffce
000d
0017
ffe4
001d
ffeb
000a
0037
0017
ffe0
ffd3
ffee
ffea
0013
fffe
0009
fff7
002b
0035
ffc7
ffd3
ffde
002a
ffcf
ffe8
fff0
0017
fff4
ffdc
0026
0021
0019
003d
ffed
0017
fff7
ffed
ffe8
fffa
ffdc
0048
0022
fffc
fffe
ffde
fffc
fff6
0012
ffd0
ffc4
ffd8
ffeb
fff7
002e
0008
ffd0
fff1
001e
fff6
ffd0
0026
0005
0019
0013
ffdf
0020
0017
fff1
003a
0020
0000
ffff
ffef
0020
ffe1
000a
fff2
001c
ffd6
fff2
ffdf
fffd
0012
fffb
0004
ffde
fffd
ffeb
0011
fffb
ffe3
fff2
000a
fff5
ffe3
ffe1
002b
ffee
ffee
fff8
0007
fffb
ffee
fff3
fffa
0008
0007
0029
ffe7
0002
ffed
000f
0011
001e
fff2
fff8
0004
ffe8
fff2
000a
0006
ffd8
ffef
0008
fffd
fff6
0001
0013
002c
fffd
000c
0010
000b
0015
0000
0013
fffe
fff6
ffe0
fff0
ffea
000c
fff5
0035
0004
0028
fff1
0005
0017
0017
fff5
0003
ffe5
ffb4
000a
fffa
0019
ffea
003c
0006
fff7
ffa6
000c
000d
ffc9
fffb
fffb
ffea
fff7
0035
000d
ffdb
0010
0019
ffd1
000a
0032
0005
0011
000f
ffe8
ffff
0007
ffef
0015
fffd
000b
ffe8
0036
000b
fff3
002a
ffd0
0011
0013
0015
fff2
000e
000e
0022
001f
ffda
ffba
ffed
0007
000a
000e
0054
ffd7
0026
0021
ff82
ffca
001b
0028
ffbf
ffdf
fffe
fff8
fffe
ffe1
ffe9
000f
0019
ffff
fffb
001a
ffcc
0015
001b
0000
0003
0041
000c
fff0
0007
fff2
fff1
000c
0044
fff0
ffff
ffe9
fff4
ffe1
0027
ffe3
ffe8
0017
002e
0007
ffd5
0001
fff1
000c
fffb
ffe2
0021
0003
0027
ffdc
0017
0005
0030
0018
0014
ffde
ffec
ffe4
0008
ffc8
fff0
0000
0028
fff0
0011
ffdd
fff4
ffdf
fff4
ffe9
ffea
fff0
001b
000b
0017
ffd9
0000
0016
fff0
0003
000e
fffe
ffe3
fff6
ffff
0009
000f
000c
0020
ffe5
fff5
ffe9
001c
0006
000b
ffdc
fffe
0008
ffe9
ffec
0006
000a
ffef
fff4
0008
0003
ffe4
0001
0018
0012
0001
0007
ffe9
0006
0013
0011
001d
fff0
fff9
fff7
000e
fff7
000a
fff8
0000
0000
0000
0000
0000
0000
0000
0000
0000
0000
0000
0000
0000
0000
0000
0000
0000
0000
0000
0000
0000
0000
0000
0000
0000
0000
0000
0000
0000
0000
0000
0000
0000
0000
0000
0000
0000
0000
0000
0000
0000
0000
0000
0000
0000
0000
0000
0000
0000
0000
0000
0000
0000
0000
0000
0000
0000
0000
0000
0000
0000
0000
0000
0000
0000
0000
0000
0000
0000
0000
0000
0000
0000
0000
0000
0000
0000
0000
0000
0000
0000
0000
0000
0000
0000
0000
0000
0000
0000
0000
0000
0000
0000
0000
0000
0000
0000
0000
0000
0000
0000
0000
0000
0000
0000
0000
0000
0000
0000
0000
0000
0000
0000
0000
0000
0000
0000
0000
0000
0000
0000
0000
0000
0000
0000
0000
0000
0000
0000
0000
0000
0000
0000
0000
0000
0000
0000
0000
0000
0000
0000
0000
0000
0000
0000
0000
0000
0000
0000
0000
0000
0000
0000
0000
0000
0000
0000
0000
0000
0000
0000
0000
0000
0000
0000
0000
0000
0000
0000
0000
0000
0000
0000
0000
0000
0000
0000
0000
0000
0000
0000
0000
0000
0000
0000
0000
0000
0000
0000
0000
0000
0000
0017
fffd
ffaf
ffdb
ffde
fffd
000d
fff1
0015
ffed
ffd8
ffed
000f
0002
ffd0
0004
001f
fff8
ffe1
fffc
0037
0008
fff9
ffc3
ffe0
fffe
000b
0001
ffea
fffc
fffa
000c
0006
0036
001a
0004
001a
fff4
ffd3
fffe
0003
fffc
001f
fffd
0045
fff2
ffd6
fffa
0022
002f
ffbe
fff6
0006
fff2
0014
ffbd
ffe4
ffd2
0015
fffb
ffdd
ffd6
0007
0013
ffd6
ffd3
ffff
ffda
fff0
0013
fff0
0016
ffdd
0001
0001
0000
fff1
fff4
001c
fffb
ffdb
0026
0008
0018
001e
ffef
004a
0002
0014
fff2
ffda
0014
ffd8
fff9
ffde
ffe5
001c
ffe8
0019
0003
0020
fff1
ffe7
0031
0028
ffee
fffc
fffd
ffe0
0016
0017
0012
ffff
0000
fff1
0008
fffe
ffe5
000e
0011
001a
000c
fff5
0018
fff7
ffff
ffe0
ffe4
fffa
fff5
ff8e
0006
0000
003a
002c
fffa
001b
0004
ffe2
0010
fffd
ffec
0022
fff3
002a
ffcf
001a
ffc5
ffd2
0004
0003
0000
fff0
002f
0003
001e
000e
ffc0
0003
ffdc
002d
0014
fff9
ffc9
fff8
fff4
0003
002d
ffdc
fff7
0023
001a
ffe9
fffa
0009
0008
0002
000e
0010
0005
ffde
000b
003c
fffb
0020
0012
ffec
fffe
ffdf
fff3
fff7
ffc7
fff0
0006
ffe2
ffd0
fffd
002b
0013
0013
0039
0008
ffd6
fff2
0035
fffc
fff1
fff1
001f
ffd8
ffd4
fff4
0040
0010
0019
ffbc
ffde
0010
fffd
fff5
ffe3
fff4
fffa
0023
0012
004d
0023
0008
001b
0037
ffbc
fff4
000f
0018
0006
0001
005f
ffdf
ffdf
0002
0023
0017
ffc5
0004
000f
0001
000b
ffb4
ffcf
0015
0000
ffd1
ffd1
fff9
0015
000b
ffed
000b
000b
ffbd
0036
001f
ffd2
0008
fff4
fff9
0015
fff7
ffe9
0003
0000
0003
ffff
0026
fff1
0005
0032
ffd4
003f
0010
0024
0007
fff9
0016
fff0
000a
ffcf
001d
ffee
ffe9
0006
fffb
001d
ffec
ffbe
003d
001f
ffec
ffee
ffdb
fff7
0012
000c
0003
0007
000b
ffe3
ffe1
000e
fffa
fff9
0015
ffeb
0014
000b
0012
0005
0000
ffed
ffd1
fffb
fff2
ffef
ffff
0001
0046
0025
0024
ffe0
ffdd
ffe4
002b
0008
0002
fffa
001d
002f
fff1
003c
ffc2
ffc5
ffd4
0009
000b
ffd9
000d
ffe4
0023
001d
ffe3
0001
fff7
ffd5
fffd
000b
ffca
ffe8
ffff
ffe8
001d
fff2
0010
0013
0015
ffbb
0010
0012
0034
000a
003b
ffd5
0018
ffda
0025
0035
000e
0014
fff7
0006
fffb
ffab
fff6
ffdb
ffe3
0017
fff4
ffd7
ffea
0016
0000
fffa
ffea
001b
fff3
ffd5
fff7
0001
fffd
ffe2
000f
002c
ffe2
ffd0
ffea
0051
fff5
0012
ffcc
ffe2
ffe7
fffa
fff6
ffca
0002
ffff
0003
0012
004c
002a
0008
001f
000f
ffc6
000b
001f
0012
0027
0005
0050
ffe4
ffd3
ffea
0025
0039
ffce
0006
002b
ffe1
0018
ffc0
ffc3
0014
0008
ffe8
ffcc
ffed
fffe
001b
ffd2
ffe8
0006
ffce
001f
0028
ffe2
0029
fff9
0004
fff4
fff9
ffdf
ffff
0001
fff8
ffee
0016
0014
fff8
0022
ffed
004b
0010
0009
ffe3
ffda
000c
ffdd
0014
ffe7
ffea
000b
ffef
0004
0005
ffff
ffdd
ffd7
0048
0016
ffff
ffec
ffeb
ffd7
0010
002d
000b
0015
0001
ffd2
0018
0012
fff6
0000
ffff
ffed
001d
000e
0006
fff0
0015
0004
ffea
ffe7
fffb
ffd6
ffe7
0002
0027
0038
fff6
ffee
ffe1
fffd
ffe4
ffda
fff1
0007
0018
0018
ffd9
001a
ffda
ffdf
fff3
000b
000e
ffdf
002e
0006
002b
0002
ffbd
fff6
ffe0
000b
0035
fff8
ffbf
fffb
ffd9
001e
0026
ffe3
fff9
0013
0025
ffd7
ffed
0002
002d
fff5
0030
ffee
0011
ffb9
001f
0034
0018
0041
ffed
002e
ffe6
ffba
0000
fffa
ffd2
0000
0000
0000
0000
0000
0000
0000
0000
0000
0000
0000
0000
0000
0000
0000
0000
0000
0000
0000
0000
0000
0000
0000
0000
0000
0000
0000
0000
0000
0000
0000
0000
0000
0000
0000
0000
0000
0000
0000
0000
0000
0000
0000
0000
0000
0000
0000
0000
0000
0000
0000
0000
0000
0000
0000
0000
0000
0000
0000
0000
0000
0000
0000
0000
0000
0000
0000
0000
0000
0000
0000
0000
0000
0000
0000
0000
0000
0000
0000
0000
0000
0000
0000
0000
0000
0000
0000
0000
0000
0000
0000
0000
0000
0000
0000
0000
0000
0000
0000
0000
0000
0000
0000
0000
0000
0000
0000
0000
0000
0000
0000
0000
0000
0000
0000
0000
0000
0000
0000
0000
0000
0000
0000
0000
0000
0000
0000
0000
0000
0000
0000
0000
0000
0000
0000
0000
0000
0000
0000
0000
0000
0000
0000
0000
0000
0000
0000
0000
0000
0000
0000
0000
0000
0000
0000
0000
0000
0000
0000
0000
0000
0000
0000
0000
0000
0000
0000
0000
0000
0000
0000
0000
0000
0000
0000
0000
0000
0000
0000
0000
0000
0000
0000
0000
0000
0000
0000
0000
0000
0000
0000
0000
ffc3
ffc2
ffd1
0008
0022
ffe9
ffc6
ffde
ffdb
0014
002e
fff1
0013
0034
0028
ffde
0014
001f
ffb8
000d
ffeb
0028
ffcf
000e
0007
0013
0056
ffbc
ffc1
ffb3
001a
ffd2
ffb7
0072
ffd8
ffd6
ffd7
003f
0018
fffe
0019
fffe
0006
ffdb
0000
001b
0043
ffbd
fff0
ffe7
002c
0052
fff2
ffa8
fff9
ffd7
ffff
ffc3
ffe0
001a
0044
0011
0003
0020
0024
fffa
ff70
0053
ffab
fffd
ffc1
fff7
fff8
0043
ffde
fffd
fff6
003a
0035
0007
ffc0
0045
ffdb
0000
0014
ffbc
ffc6
ffdf
ffdf
0002
001f
0002
fff7
0018
ff91
fff9
ffbf
ffe5
ff9e
ffdd
0053
0036
0063
ffec
ffe0
ffeb
ffb0
0026
0011
0051
0015
000e
0059
0041
0036
005f
fff7
0028
fffb
0006
ffea
ffd0
000a
fff7
001e
0021
0035
ffd0
000d
fff3
0005
0033
fffe
0022
0023
ffd2
0008
0007
ffeb
0002
001b
0006
ffe8
ffff
0008
ffc7
fffc
0015
ffc8
fff1
ffd9
001d
0026
0014
ffdc
0036
000f
ffda
0029
ffec
0004
001d
0015
fff8
fff8
0036
0017
ffe2
ffba
ffd9
fff0
ffd7
ffff
0003
000d
000f
fff8
0001
000a
0022
0019
0039
001e
0010
000a
fff6
fffc
0003
003b
002c
ffef
ffd7
ffa1
ffc0
ffe2
001a
ffdd
ffb4
fff8
ffd6
ffc7
ffff
0008
ffdb
002b
001c
fff6
ffcd
002d
fff0
ffca
0022
ffd7
0008
ffe9
fffa
ffca
002c
0027
ffa6
0011
ffe1
fffb
ffc3
ffac
0057
0002
000a
ffd8
004d
0006
0033
fff4
ffcc
fffb
ffaf
fff7
0012
0021
ff7d
ff8d
0011
002e
001d
0000
fff9
0022
ffdf
fff2
ffd1
0005
ffec
0069
001a
003d
0019
002a
0026
ff8c
0026
ffd4
0014
ffca
ffca
0015
004c
ff7f
fff4
000c
0005
008b
0065
ffbd
0048
0008
0014
0016
ffc3
ffb0
fff3
ffd8
000b
ffe6
001a
0034
0013
ffd8
003b
000d
0005
ffd5
fff4
0024
0039
0013
ffe4
ffc1
0005
000b
0062
0014
fffe
fffc
ffcb
0010
0087
ffec
002c
001a
001c
0002
0011
fff4
ff74
0058
ffe6
0029
0013
001a
ffe2
000e
ffb2
0002
0027
fffe
fff9
001d
ffd5
fff2
ffeb
fff6
001e
fff7
0002
ffe0
fff2
ffee
ffc1
0004
000d
ffd0
fff9
ffdb
0033
0014
000d
ffbd
001e
002d
ffe3
003c
ffdc
ffea
002e
0011
0019
000c
001c
000d
ffb2
ffbb
ffdf
ffe3
ffe0
0008
ffe5
ffe9
ffe0
fff3
ffda
0011
0037
0047
000a
000b
0005
fff1
fff6
fffa
0005
001b
001a
000e
ffd0
ffc2
ffaa
fffa
000a
0017
000e
ffec
fff3
000d
fff4
003d
ffd4
002d
0010
000f
ffdd
0000
0011
ffd6
0017
ffbe
0018
ffab
000a
ffdf
0024
0048
ffad
fff2
ffa2
0034
0006
0011
006a
0021
0006
ffbd
0055
0013
0010
0008
ffba
fffd
fff8
002d
ffff
001c
ff9e
ff9e
fff6
0038
000b
001f
ffc8
0003
ffe2
fff0
ff9f
fff2
000c
005f
ffeb
0031
003c
006a
0003
ff81
007d
ffb0
fff1
ffe6
ffe0
0010
002b
ffcb
ffcc
ffe9
0014
0071
004a
ffb5
0051
ffe5
003c
ffeb
ffdf
ffc7
ffef
ffe6
fff9
0001
ffe6
0028
0004
ffd8
ffdf
ffdf
000c
ffcd
0005
0027
0046
fffb
ffda
fff6
0011
ffd1
003e
0070
0035
fff2
ffd1
0035
0029
0003
0032
fff7
0037
ffde
ffdc
0015
ff80
fffa
ffe2
0036
fffc
002f
ffc1
0026
ffdf
fff2
0031
0015
fff3
0012
ffbb
fffc
000b
fff4
0000
0015
0013
ffec
0015
ffe5
ffb1
ffef
000b
ffc8
0021
fffb
0046
000a
0022
ffbc
0042
0012
ffc1
0039
fff3
0006
0023
0003
000b
fffd
001b
fff7
ffda
ffbc
000f
ffef
ffe7
fff9
fff2
0003
fff5
fffe
fff2
0014
001a
0033
0018
fff6
000d
0022
fffe
fff2
fff3
0016
000f
0020
ffe9
0000
0000
0000
0000
0000
0000
0000
0000
0000
0000
0000
0000
0000
0000
0000
0000
0000
0000
0000
0000
0000
0000
0000
0000
0000
0000
0000
0000
0000
0000
0000
0000
0000
0000
0000
0000
0000
0000
0000
0000
0000
0000
0000
0000
0000
0000
0000
0000
0000
0000
0000
0000
0000
0000
0000
0000
0000
0000
0000
0000
0000
0000
0000
0000
0000
0000
0000
0000
0000
0000
0000
0000
0000
0000
0000
0000
0000
0000
0000
0000
0000
0000
0000
0000
0000
0000
0000
0000
0000
0000
0000
0000
0000
0000
0000
0000
0000
0000
0000
0000
0000
0000
0000
0000
0000
0000
0000
0000
0000
0000
0000
0000
0000
0000
0000
0000
0000
0000
0000
0000
0000
0000
0000
0000
0000
0000
0000
0000
0000
0000
0000
0000
0000
0000
0000
0000
0000
0000
0000
0000
0000
0000
0000
0000
0000
0000
0000
0000
0000
0000
0000
0000
0000
0000
0000
0000
0000
0000
0000
0000
0000
0000
0000
0000
0000
0000
0000
0000
0000
0000
0000
0000
0000
0000
0000
0000
0000
0000
0000
0000
0000
0000
0000
0000
0000
0000
0000
0000
0000
0000
0000
0000
002f
ffb3
001d
ffe0
0011
ffc5
ffdf
0020
002c
fff3
ffc6
fff5
0013
ffe3
fff4
000b
fffa
ffe7
000f
ffff
ffe1
fff8
fffc
0015
ffe8
0000
0015
001a
000d
001b
fffb
ffc1
0026
0025
0007
fff9
0014
ffef
ffdd
ffef
fff4
0004
0011
ffe7
002c
ffee
000c
0000
0007
002e
ffd5
fff2
fff0
fffd
0006
fffd
0001
0020
001d
0023
ffeb
0013
0013
fff1
ffb6
ffd4
0019
ffd6
003f
0008
0028
0022
0035
0027
ffe5
fff2
000e
001d
ffd7
ffe9
ffda
0009
fff1
0003
001e
ffe6
001c
000d
001e
0029
0014
003a
0027
ffe8
001a
fffe
0008
ffed
ffd8
fff3
fffe
0045
0012
0028
000e
0039
fff9
0038
fff9
ffef
0011
ffe9
ffee
0006
ffeb
ffee
ffea
fff4
001c
ffd2
ffc7
ffec
ffdb
0025
fff2
ffe6
0005
0010
fffe
fff1
0044
ffe5
ffe1
0009
fff7
fff8
ffdb
fff6
000a
0055
ffd4
0008
0005
fff3
ffbe
0000
fff7
0005
0015
ffd5
fff1
ffd2
0001
ffbd
ffdf
ffb1
001e
ffc0
fff2
0003
0028
fff3
ffd5
ffe2
ffcd
fff4
0003
0000
ffcf
ffdf
ffcf
ffde
ffcd
000c
ffc7
ffee
ffe4
fffb
ffe6
0019
ffd1
000d
002b
ffef
0007
ffe1
ffff
fff6
000f
fffc
fff2
001c
0006
ffc8
0005
ffe0
fffc
ffa2
ffe7
002c
000f
fff3
ffb0
fffa
002a
ffe0
fff4
0013
0007
fff0
001a
0006
ffe2
0004
0000
000e
ffe2
fffe
0001
0022
ffee
0002
ffe9
ffbd
0015
0026
0004
ffd5
0006
ffea
ffd7
ffe9
0010
0014
0008
fff6
0038
ffea
fff0
fffd
0000
001f
ffd9
ffe0
ffe7
fffe
ffed
0001
ffed
000d
0015
0017
fffd
fffd
0014
fff6
ffbf
fff8
003c
0013
000b
0032
fffc
0000
0026
002a
0006
0008
0011
0006
ffd4
ffea
ffbe
001b
fff5
0014
fffd
ffea
001e
000b
001a
001a
0007
fffa
0018
fffc
ffce
ffde
0006
0000
ffeb
0003
ffe8
0048
0001
0028
fff2
001c
fff9
0030
0008
ffdc
0024
0009
fff3
ffe6
ffb7
ffd7
ffe6
ffde
0029
ffdf
0000
fffc
000a
002c
0004
ffd4
fff7
0020
0010
0003
002e
0003
ffef
0021
fff3
fff7
0006
fff6
0006
0047
ffed
0039
0028
ffef
fff0
fff0
000a
0007
fffe
ffd7
ffff
ffda
0004
ffdf
fff3
ffd9
001e
ffdd
fffd
0009
0037
0017
ffec
ffe0
ffe4
ffed
fff1
fff7
ffca
ffd0
ffd1
ffe5
ffe5
001d
ffbc
0029
ffde
fff5
fff2
0012
ffd5
0034
0022
ffef
0015
ffde
fff6
fff7
ffeb
000d
fff5
0030
0026
ffd3
0001
ffe3
001d
ffb3
fff0
001f
0041
ffee
ffcc
fff6
0035
0018
ffee
0014
0017
ffdb
000e
0010
ffd2
ffea
0001
fff4
0003
0016
fff5
0001
ffef
002e
0022
ffda
002a
0047
000d
ffde
0010
ffe9
ffe7
ffe0
fffe
fff1
fffa
ffe0
0026
ffdd
ffe9
0000
fff0
0013
ffc2
fffa
fff1
0002
0005
000b
ffec
0010
0037
001b
fffb
0019
0022
ffee
ffcc
ffd1
0047
0005
0011
001a
ffec
0049
0020
0021
fff0
fff3
0029
0011
ffec
fff9
ffda
0004
fffe
ffe2
002e
ffe0
002b
ffe6
000d
0019
fffc
0027
000a
0011
0014
ffea
fff7
ffee
ffea
fffd
0000
004d
0009
001f
0006
0028
0013
0053
002b
ffc5
0025
fff6
0022
ffea
ffc0
fff3
0014
fff5
001c
ffbd
ffd8
0009
ffe1
0027
ffd9
ffed
ffff
0001
0009
000d
0012
fffe
fff6
003b
fff0
0019
ffe0
ffef
0018
0058
0003
0010
001d
ffe2
ffb6
fff9
ffed
ffe7
0021
ffd0
fff2
ffe0
0019
ffc5
ffc9
fffb
002e
ffc4
fff5
0016
0028
ffea
fffc
fff1
ffe7
ffea
0006
0004
ffc0
ffea
ffd5
ffd0
ffcf
0011
ffc7
0005
ffe6
ffdf
ffd0
0003
ffdc
ffe4
0047
ffe3
0019
ffd9
fff6
0002
0018
001d
fff2
001b
0000
0000
0000
0000
0000
0000
0000
0000
0000
0000
0000
0000
0000
0000
0000
0000
0000
0000
0000
0000
0000
0000
0000
0000
0000
0000
0000
0000
0000
0000
0000
0000
0000
0000
0000
0000
0000
0000
0000
0000
0000
0000
0000
0000
0000
0000
0000
0000
0000
0000
0000
0000
0000
0000
0000
0000
0000
0000
0000
0000
0000
0000
0000
0000
0000
0000
0000
0000
0000
0000
0000
0000
0000
0000
0000
0000
0000
0000
0000
0000
0000
0000
0000
0000
0000
0000
0000
0000
0000
0000
0000
0000
0000
0000
0000
0000
0000
0000
0000
0000
0000
0000
0000
0000
0000
0000
0000
0000
0000
0000
0000
0000
0000
0000
0000
0000
0000
0000
0000
0000
0000
0000
0000
0000
0000
0000
0000
0000
0000
0000
0000
0000
0000
0000
0000
0000
0000
0000
0000
0000
0000
0000
0000
0000
0000
0000
0000
0000
0000
0000
0000
0000
0000
0000
0000
0000
0000
0000
0000
0000
0000
0000
0000
0000
0000
0000
0000
0000
0000
0000
0000
0000
0000
0000
0000
0000
0000
0000
0000
0000
0000
0000
0000
0000
0000
0000
0000
0000
0000
0000
0000
0000
005a
ffc3
0033
0027
fff5
0039
ffbd
003c
fffa
ffd5
ffb7
0011
0008
0017
ffdd
0006
0011
002c
ffd2
0008
fffa
0031
ffe2
0016
ffe0
fff6
fff1
ffe8
0047
001c
0000
0024
0041
ffd7
ffcc
004c
fff3
001b
ffd7
000e
0031
ffe5
fff5
002c
ffc1
002c
ffde
ffe1
ffd8
fff4
ffff
0034
ffea
0020
000d
ffd7
fff8
ffd6
0019
ffda
0007
ffd8
0011
0013
000f
fffb
ffda
ffeb
ffe9
0052
fffa
fff4
ffa3
ffe0
ffe1
0027
0001
0026
0045
ffe8
002b
ffd9
ffdd
ffd1
0020
ffe4
002d
fffa
0050
ffd7
0060
000c
fff7
ffdd
0023
ff86
000c
ffc5
000b
0027
ffc8
0003
ff9d
001c
ffec
002d
ffd8
0005
ffd0
ffe6
ffee
fff2
fff3
005a
000c
004e
002a
ffcf
ffea
ffa0
ffca
fffb
0007
0007
ffe7
ff73
0013
ffe6
ff76
ffcb
fff1
0054
ffdd
ffe6
0065
002e
ffbd
ffdd
0023
ffff
002a
0024
001d
0048
002e
ffed
0032
0059
0005
fff3
ffd2
ffe3
ffd1
ff78
ffd7
ffc4
005f
0002
ffa1
001b
0019
ffcc
ffbe
ffe3
0032
ffac
ffdb
0038
ffe0
ff90
0025
ffff
ffaf
ffe2
0031
0048
ffb9
0039
000f
ffeb
008b
ffac
0039
ffa2
0059
0033
ffec
0074
fff3
ffed
ffd6
0053
005d
ffbf
0012
0019
fffa
0028
ffd4
002f
fff7
ffbf
ffc0
0037
fff6
0031
ffdd
ffeb
0019
002d
ffcb
fffc
0006
001e
000a
0008
fffc
ffad
ffea
ffd1
0039
0021
001c
0001
0049
ffd1
fffa
002f
0014
fff6
ffec
fff8
0019
ffdd
ffd2
0039
ffe7
0044
ffcd
fff2
ffbb
0032
0008
0017
0014
000f
0020
ffc8
0021
fffe
0007
fffa
0006
ffd6
0023
0029
0018
ffd6
ffc5
ffe8
fffc
002e
0023
000d
ffbf
0009
fffb
0037
002d
001d
003a
fffd
004e
ffb5
ffdb
ffc7
0010
fff5
0017
ffde
0062
0001
005e
003e
ffbe
000c
ffc2
ff88
0038
fff9
003a
000b
fff2
0029
ffc9
001b
0000
000f
ffd8
fff6
ffbd
001c
ffd1
0002
fff9
0077
fff6
0052
003f
ffe4
fff5
ffc2
ffbe
0011
ffd4
0014
ffdd
ff53
0025
0020
ffb6
ff8b
ffd6
0034
fff4
000b
0052
0006
fff4
ffe2
000d
fff2
0042
ffff
ffb5
0041
0050
fffc
0033
004d
0043
fff1
ffb8
ffc2
ffb4
ff8a
ffc0
ffab
002b
0007
ffcf
0050
001a
ffe3
ffd0
fff9
006f
ffbf
ff91
001f
0002
ff9b
ffdc
0003
ffc8
ffcc
001d
0047
ffc1
001d
0051
ffc2
005e
ff8a
0017
ff94
0052
0048
001d
0019
fffe
ffc5
ffc9
0034
0021
fffd
0001
0015
fff1
001f
ffc0
0024
fff9
ffba
ff97
0012
ffd6
0028
ffee
0018
0016
0042
ffd8
fffc
000b
0022
0019
0015
0017
000b
0013
ffbe
0034
0029
0040
002f
007b
ffdf
ffd8
0047
000f
ffdf
fff5
0014
0025
ffeb
fff0
0017
ffd2
0023
ff9f
ffd4
ff82
0018
fffb
002e
fff8
0023
001c
ffdc
000a
fff4
fff0
ffd4
0008
ffcd
0022
0023
ffdc
ffcb
ffed
0005
ffd3
004f
fff3
0002
ff8c
fffc
0010
0043
ffc8
ffff
001d
ffe9
0036
ffc0
ffb9
ffd5
0012
000d
002e
ffdc
000b
ffb1
004f
0031
ffd6
fff5
0017
ff66
0019
0019
0022
fff3
0001
000e
ffbb
ffe2
ffe4
0005
ffdc
ffce
ffd6
ffd2
ffed
000b
0028
0062
fff7
0051
005b
ffb5
ffd3
ffd1
ffdd
0021
fffb
0015
ffb1
ff95
0048
0029
ff84
ffba
ffcc
004b
ffad
002a
0055
001f
ffcf
0005
000c
ffd8
002b
004b
ffcf
003e
003b
001e
0039
0004
0042
ffde
ffd8
0004
ffbf
ff91
ffe8
fff5
0027
0038
ffc6
fff4
002c
ffcd
ffcb
fff8
0060
ffae
ffd9
000f
ffb9
ffc2
003e
ffdd
ffea
ffc5
0030
006f
ffe8
0037
0019
fff3
004f
ffde
0018
0014
0039
0054
0011
0032
ffec
ffbb
0007
002e
0000
0000
0000
0000
0000
0000
0000
0000
0000
0000
0000
0000
0000
0000
0000
0000
0000
0000
0000
0000
0000
0000
0000
0000
0000
0000
0000
0000
0000
0000
0000
0000
0000
0000
0000
0000
0000
0000
0000
0000
0000
0000
0000
0000
0000
0000
0000
0000
0000
0000
0000
0000
0000
0000
0000
0000
0000
0000
0000
0000
0000
0000
0000
0000
0000
0000
0000
0000
0000
0000
0000
0000
0000
0000
0000
0000
0000
0000
0000
0000
0000
0000
0000
0000
0000
0000
0000
0000
0000
0000
0000
0000
0000
0000
0000
0000
0000
0000
0000
0000
0000
0000
0000
0000
0000
0000
0000
0000
0000
0000
0000
0000
0000
0000
0000
0000
0000
0000
0000
0000
0000
0000
0000
0000
0000
0000
0000
0000
0000
0000
0000
0000
0000
0000
0000
0000
0000
0000
0000
0000
0000
0000
0000
0000
0000
0000
0000
0000
0000
0000
0000
0000
0000
0000
0000
0000
0000
0000
0000
0000
0000
0000
0000
0000
0000
0000
0000
0000
0000
0000
0000
0000
0000
0000
0000
0000
0000
0000
0000
0000
0000
0000
0000
0000
0000
0000
0000
0000
0000
0000
0000
0000
ff26
0068
0027
ff8e
fe88
0019
0000
ffff
ffd3
0004
ff91
fff7
007d
00a8
00cd
fff8
ffa5
ffa6
00b0
ff14
ff87
ffcf
fff8
0058
005e
ff78
0036
0071
ff3a
0091
ffe7
008b
005e
fffc
ffaf
0075
ffa0
ff93
002c
ffec
ffce
ffb3
ff52
ff9f
ffff
ffee
ff86
ff09
ffb5
0080
ffed
ffd7
ff5d
000d
0093
ffcd
0000
ff9a
fff1
fff3
0054
ffdd
0012
ffe9
ff9f
003f
003f
ffdd
0052
00a0
005b
0042
ff76
007d
ffe4
ff4c
ff44
ff68
0033
ffbf
006e
ff68
ff0c
003c
00e1
ff46
006f
ffd6
ff2e
ff6b
fff6
ff83
ff91
fedc
fdc6
0016
005b
fffe
fffe
ff58
0060
ff6b
ff99
ff9c
003b
00b7
0090
ffe0
012f
ff66
001f
ffe9
ffe8
ffd8
00d7
0132
fef3
ff94
0017
003d
ff9d
ffda
ffd5
0082
005b
0007
003c
0016
00f3
ff97
ffbb
fef4
0139
fffb
011e
0173
ff69
fec2
ffde
001e
ff27
007f
0137
00c2
0064
00b5
ff5d
ff48
ff4d
ff70
00e4
00f1
ff8f
fe11
ff5a
0058
ff96
ff67
fee1
0124
013e
ff70
0083
ff88
00aa
ffd4
00fb
0101
00bd
fde8
0028
ffc5
006f
ffdd
ffbf
00b4
004a
00c1
0026
0038
0125
00be
0077
fe58
0009
fff5
00a1
00d2
0033
feb2
0066
ff75
ff7d
0034
ffe8
ff4f
fee8
ffd7
0060
ffcc
00b0
0014
ff82
0064
006e
00ae
00c2
ff82
ff81
ff84
00a2
ff77
001c
ff4d
ff6a
0051
0039
ff4b
0079
0070
ffa1
00bd
0024
0096
000f
ff80
ff51
0078
ffa2
ffc4
003e
ffff
fff3
0021
ffd6
ff84
0040
0051
ffc7
ff2d
0024
ffce
fff6
0054
ff90
ffd3
00ab
0018
0000
ff69
ffa5
fff5
00c2
ffcb
0023
ffa1
ff70
000b
013d
0036
00b5
006d
0049
007b
fff3
002b
00c1
ff58
ff5b
ffb5
ffd3
fefe
00c9
ff49
ff5f
006c
0061
ffc7
ffcb
ff30
ff21
ffb6
ff71
ffa3
ffbf
fe29
fe38
0003
0047
ff5d
0021
ff66
fff4
004e
ffac
ffc6
ffea
005a
00a7
ffa9
0160
ffae
002b
fff9
ff24
fed5
0143
00b7
ffda
ff1b
fff5
0008
ffca
ff68
0088
002f
005a
0004
00c8
ffec
016e
ff79
ffd4
ff52
016a
0096
00ab
0020
ff36
ff05
ff7a
000d
ffdc
00b2
01ab
005a
006b
009e
ffae
ff63
ff19
ffad
00a9
00b3
ff42
ff01
ff36
0039
ff53
ffbe
fecc
00ad
00b7
ff8e
ffd8
ff09
0119
ffc5
00db
ffc9
00e3
fdb2
002d
fefd
00d5
013c
ffc6
015f
ffa4
0105
004d
0040
00f3
ffe2
0015
fdc9
0026
00bd
ffe2
00eb
0082
fea5
ffeb
ffe0
ff44
00d8
fff5
ffb6
fec7
ffc0
fff9
0006
002b
fffd
ff1c
0015
00bc
00ed
004c
ff97
ff83
ff83
0081
ff90
ffe9
fff1
ffb0
fff9
ffb9
ff3b
ffe1
00d3
ff31
008b
005a
00bc
005d
ff9e
0003
00c3
ff58
ff85
0089
fff5
ffb1
ffe3
0068
ff95
0062
0009
ffa0
ff51
0050
0027
ff87
fffe
ff07
0035
0023
fff5
005e
ffe3
ffc3
001a
0074
ff7c
ffa1
000a
ffa9
00a1
007c
ffd5
0054
0054
ffec
000d
006a
0079
00ed
ff57
fedc
0021
005d
ff3a
0106
ff46
ffc3
ff91
006a
ff9f
0073
ffdc
ff81
ffaa
fead
fffd
ff89
fdc9
ff1b
009d
ffc1
ffb6
0044
ff56
ff8d
0016
ff3b
ffd6
ffb8
005f
00e8
ffa3
0163
ff75
ffb1
ffe6
ff27
ff87
0022
0122
ff69
ff13
0078
0023
0027
0057
004b
0031
0023
0006
00d5
ffb1
0103
ffa3
0054
fe87
00db
ffdb
015b
0137
ff79
fee8
0044
0053
ffc2
0050
00ee
007b
0009
00fb
fff5
ffc2
ff22
ff47
012a
0145
ff3d
ff06
ff28
ffd4
ff3a
ffd6
ff62
ffea
007a
ff84
005e
ff02
0048
ff96
0055
ffcd
010e
fe5c
ff65
fef7
00cc
ffee
0025
0145
006e
009b
00e5
0070
0004
0051
002d
fdef
ff61
ffe6
008e
00c1
0171
ffac
000c
ff2f
0000
0000
0000
0000
0000
0000
0000
0000
0000
0000
0000
0000
0000
0000
0000
0000
0000
0000
0000
0000
0000
0000
0000
0000
0000
0000
0000
0000
0000
0000
0000
0000
0000
0000
0000
0000
0000
0000
0000
0000
0000
0000
0000
0000
0000
0000
0000
0000
0000
0000
0000
0000
0000
0000
0000
0000
0000
0000
0000
0000
0000
0000
0000
0000
0000
0000
0000
0000
0000
0000
0000
0000
0000
0000
0000
0000
0000
0000
0000
0000
0000
0000
0000
0000
0000
0000
0000
0000
0000
0000
0000
0000
0000
0000
0000
0000
0000
0000
0000
0000
0000
0000
0000
0000
0000
0000
0000
0000
0000
0000
0000
0000
0000
0000
0000
0000
0000
0000
0000
0000
0000
0000
0000
0000
0000
0000
0000
0000
0000
0000
0000
0000
0000
0000
0000
0000
0000
0000
0000
0000
0000
0000
0000
0000
0000
0000
0000
0000
0000
0000
0000
0000
0000
0000
0000
0000
0000
0000
0000
0000
0000
0000
0000
0000
0000
0000
0000
0000
0000
0000
0000
0000
0000
0000
0000
0000
0000
0000
0000
0000
0000
0000
0000
0000
0000
0000
0000
0000
0000
0000
0000
0000
fef6
fef7
0091
00c0
ff31
0005
fff4
ffea
fe53
ff6c
0052
0139
ffd7
ffb5
00bd
00ee
ffd7
fe6d
014e
ff47
0086
ffa4
00bd
ffa0
feeb
ff4a
0045
0020
004b
ff4f
ffbd
001c
ffed
ff51
00e1
fff5
ff2b
ffb3
ffa8
ffb9
ffb6
006a
ff84
ffc6
ffc7
005e
005c
ffb1
00a4
ffa0
002c
fe8f
003f
008f
0026
ffeb
ffd4
0062
fea5
ff93
ffc0
feb2
ff8e
fff2
0102
ffca
013e
0034
010e
ff78
0043
0015
fffa
ffba
0139
ff38
ff1d
007d
fff2
00ca
ffdf
011f
00e1
ffd2
0019
ffe3
003f
0131
008b
ffa3
ff29
0005
ffa5
00c3
ff0d
0100
fe79
ffa5
020d
ff11
ff92
0028
0127
00c9
00d5
00b8
fffc
ffcc
004c
ff50
014d
fdc0
fea6
0127
febd
ffa4
ff0c
ffcf
009c
00db
0065
feb6
ffa4
0113
ff2c
ffe5
febf
0077
ffb4
0035
020e
00a1
00a4
ff67
ffc5
0018
0047
fffd
0046
ff31
009c
ff0c
005a
ffd8
0094
0113
01c3
ff95
000b
0127
0080
ff72
ffe4
016e
0109
fef0
ff28
ffaa
ff9a
005a
0120
fef0
007d
ffbe
0184
002b
ff5d
fff9
00f8
ffd1
fec1
01bb
ff87
ffc7
ff7e
010d
00a6
ff93
0054
0006
ff89
00eb
0052
ff7a
00ce
ff47
007e
fee0
003f
00e0
ffed
0051
feff
ff5a
0044
0009
ff12
00ec
ffd9
ff16
fe5c
ffda
00da
01b2
ffb0
ff73
00bc
00be
ff35
fe27
0199
ff83
00a6
ffc4
0017
0060
ff00
fffd
0085
0037
00ca
ff2d
00be
002e
fff6
ff10
0112
00ac
fffe
0033
ffd9
ff2e
ff4e
00be
ff96
ffb4
ff67
ffc0
0054
0005
0096
ff2a
006e
feec
0017
0092
00c0
ffe7
ff6e
0016
fe11
ff3f
ff90
ff00
005b
00be
00c7
ffc2
00ae
00a4
0086
ff8e
ffd5
ff92
00e2
ff0b
00b3
fffc
feae
0150
ff75
0097
0039
0040
00cb
00dc
ffd7
0031
005b
0190
003d
0055
ff3d
ff45
fff2
0085
ff16
009e
fee5
0085
02bf
ff82
0073
009b
00b0
008a
00fd
009b
006f
ff8e
ffa5
0007
ffe9
fe73
fec1
0138
fedf
ffa4
fed7
ffb0
0115
00a9
0049
ff1c
fec9
0056
ff54
ff8a
ffc1
00bb
ffe9
0091
02bf
00dc
00f6
fef5
0014
00b1
00f2
005c
000b
ff0f
ff8b
fedc
0051
ffc4
ffd4
0035
01ec
0059
ff6f
00de
ffc5
ffa9
007a
00e6
0199
fe79
febb
002d
ff91
006e
00da
ff25
0111
ff77
0174
0169
ff78
ffa0
011a
ffe6
fec8
00ce
ff56
fef7
ff2c
00a7
0048
ff4f
0063
014b
ffb8
0138
004e
000c
0086
feee
0033
fece
ff87
0111
ff5e
000d
fec6
ffe0
00bf
0003
ffb1
003d
ffc3
feb0
fec2
ffd2
00b6
0044
0002
ff49
0044
005f
ffb8
fe2b
0159
ff65
00b4
ff27
007b
000c
fec8
ff97
00ca
ffc4
0035
ff7e
001e
0012
fff0
ff0f
00bc
011a
ffa1
00f6
ff9b
fea1
ff7f
0064
ff30
ff4b
ff49
0065
00a2
ff9f
0063
ff7d
00da
fea3
0001
00b9
0055
ffbe
ff3d
004a
fee8
002e
ffce
fe8f
0002
0039
0051
ff11
00cb
00aa
00e1
ff3e
ffc4
000a
ff8c
ff51
0143
fedc
fe9b
0146
0034
004a
00c3
00ad
015f
0085
0071
ffc9
00c9
009a
002a
0013
ffda
0072
0111
0044
fed0
00dc
fe6d
0003
0259
fffc
002b
ffb4
007e
017d
00a1
ffdd
0074
ff63
0039
ffea
00be
fec0
fe63
0090
ff1e
009d
ff14
ffff
0064
00dc
0053
ffde
001a
00d3
ffa8
ff39
ff4c
0066
ffeb
004d
02fe
0126
006b
0010
fffe
0029
010d
0057
fffa
ff0a
00b6
ff27
0075
0025
0040
0172
015b
0094
ffcd
0111
fff3
ff4d
ff1a
0177
008f
fec6
ff78
ffcc
ffcd
fecf
00da
002e
00f9
ff8d
007a
0159
ff7b
fefb
0200
ffa7
ff08
017f
ff6a
ff63
fef3
0072
00b4
fff4
0000
0109
003f
01c5
000c
ff52
000f
fee9
001b
feb8
ffbf
014e
ffb4
0069
0000
0000
0000
0000
0000
0000
0000
0000
0000
0000
0000
0000
0000
0000
0000
0000
0000
0000
0000
0000
0000
0000
0000
0000
0000
0000
0000
0000
0000
0000
0000
0000
0000
0000
0000
0000
0000
0000
0000
0000
0000
0000
0000
0000
0000
0000
0000
0000
0000
0000
0000
0000
0000
0000
0000
0000
0000
0000
0000
0000
0000
0000
0000
0000
0000
0000
0000
0000
0000
0000
0000
0000
0000
0000
0000
0000
0000
0000
0000
0000
0000
0000
0000
0000
0000
0000
0000
0000
0000
0000
0000
0000
0000
0000
0000
0000
0000
0000
0000
0000
0000
0000
0000
0000
0000
0000
0000
0000
0000
0000
0000
0000
0000
0000
0000
0000
0000
0000
0000
0000
0000
0000
0000
0000
0000
0000
0000
0000
0000
0000
0000
0000
0000
0000
0000
0000
0000
0000
0000
0000
0000
0000
0000
0000
0000
0000
0000
0000
0000
0000
0000
0000
0000
0000
0000
0000
0000
0000
0000
0000
0000
0000
0000
0000
0000
0000
0000
0000
0000
0000
0000
0000
0000
0000
0000
0000
0000
0000
0000
0000
0000
0000
0000
0000
0000
0000
0000
0000
0000
0000
0000
0000
000a
0005
0007
fff4
0011
fff3
0033
0005
0014
0005
0002
0003
fffa
fff7
0001
0016
001e
0004
ffe3
0004
fff5
fffa
0019
0029
ffec
001b
fff3
001d
fff4
fffe
fffd
0002
0004
002c
ffe8
fff9
ffe4
001f
0028
ffe5
fff6
000c
fffa
fff5
ffe2
fffa
0000
ffec
ffe9
fffa
ffef
ffdf
0009
0007
ffec
fff8
0009
ffe1
0023
0004
0013
0000
0005
fff2
0028
ffde
0001
ffdf
0001
0001
0011
fffe
ffeb
fff9
000c
000a
001d
fff9
ffef
fff1
0010
fffd
fffd
0003
0004
0005
0003
0009
0028
ffe0
0020
0014
fffd
ffe7
0010
000c
ffff
0015
0022
0013
0019
0041
fff8
ffff
000f
fff0
fff7
000f
0005
000e
fff4
ffec
fff2
0002
0008
000b
fff9
fff5
0021
ffed
0002
0000
fff0
fff2
fff0
0008
ffe7
fff7
000a
ffd8
0012
000f
fff0
ffff
fffe
0014
ffc1
ffe6
0013
ffed
fff4
fffc
fff3
ffe3
000c
0020
0008
0004
0002
000f
fff8
0011
fff7
ffec
0004
000d
fff1
ffd9
fff1
0006
0007
0024
fff5
ffef
fff8
ffe9
ffe3
fffb
0001
fffa
0004
ffd3
fff7
0015
0018
ffec
ffec
ffde
fffa
fff6
fffe
0006
ffd5
fff2
fffe
ffff
fffa
ffec
fff7
0034
ffe1
0010
001c
fffb
0013
ffff
000f
0015
001b
fffc
fff6
0003
fff5
0001
0010
ffee
fff3
fffe
0017
000a
ffed
fffc
0003
fff5
001c
002d
ffde
0026
000b
0025
fff0
fff3
0030
0014
fff7
0016
ffdc
ffe1
ffef
0030
0005
fff3
000c
fffa
ffe8
0006
fff9
fffe
ffe7
fff8
ffd6
0001
ffec
ffcb
fff6
0017
ffea
0001
001b
fff1
0009
fff9
0014
0016
ffe1
0015
0028
ffef
0001
fff9
fffe
0000
0008
ffe2
0003
fff2
000c
0008
ffec
000c
0007
fff4
001d
fffa
0002
ffec
000d
0012
fff2
0008
0024
ffe0
0026
0021
fff5
fffa
001a
000b
fff5
000b
0016
0009
0015
0048
0000
fffd
0017
000b
0019
0018
0009
0008
ffee
ffcf
fffe
ffe4
fffe
0007
fffa
0008
001e
0017
fffe
000f
ffe6
0009
ffdc
0010
ffe7
ffe6
0008
ffd8
000d
0006
fff6
ffea
0003
000a
ffcd
ffcf
0018
fff6
0018
0002
ffe0
ffe9
fffa
0011
0002
0007
0012
fff8
000b
000b
fffc
ffef
000b
fff4
0003
ffdf
fff1
fffc
0001
003c
ffdb
fff9
000e
ffe1
ffde
0014
fffe
fff6
ffe8
ffe4
000e
0004
0006
fffc
0008
ffe4
fff8
000a
ffdf
fffd
ffcd
fffc
0006
ffec
000b
ffe6
fff4
0023
ffe7
000f
fff7
0014
000a
fffb
fffc
0013
0026
0011
ffed
fff5
0007
fff7
0026
fff3
ffea
fff3
0016
0016
fff8
001d
fff0
ffe9
0016
002e
ffec
0023
0005
0025
fffc
fff0
0015
fffe
ffee
0017
ffcb
ffe7
ffe3
0019
0017
ffe3
0014
fff5
ffdc
fffe
ffe9
fff8
fff9
fff9
ffe5
fff1
ffe2
ffdc
0004
fff6
fff9
0004
0001
ffdf
000f
ffe9
001e
fff4
fff2
ffff
0014
ffe8
0018
ffec
0001
0009
0013
ffea
0001
fff7
0009
000c
ffec
0002
ffe3
0010
0003
ffe5
fffe
fffc
0013
0004
fff2
000c
0018
ffde
001a
0029
ffde
fffb
fffc
002c
0004
0031
0000
0013
0019
0037
0009
0014
000b
ffff
fff8
0030
000b
000a
ffe1
ffe0
ffff
ffe5
0016
fff7
ffee
fffb
000d
000a
ffea
fff9
ffff
0005
ffdd
0009
fff0
0011
0007
ffcf
001a
000b
fff0
fff4
000e
0019
ffe2
ffef
0014
ffff
000a
0007
ffe0
ffec
001f
0021
0002
fffb
0018
fffe
000b
0024
ffef
fff3
000d
000d
0000
ffbe
fff4
ffee
fff9
0042
fff6
0004
0003
ffe8
ffe5
000c
000e
000b
0007
ffe8
ffe3
000c
0019
fff1
ffee
ffdd
ffe4
fff5
fff5
000d
ffe5
fffd
ffec
ffe9
fffa
ffff
fff3
0009
ffe7
000a
0000
0000
0000
0000
0000
0000
0000
0000
0000
0000
0000
0000
0000
0000
0000
0000
0000
0000
0000
0000
0000
0000
0000
0000
0000
0000
0000
0000
0000
0000
0000
0000
0000
0000
0000
0000
0000
0000
0000
0000
0000
0000
0000
0000
0000
0000
0000
0000
0000
0000
0000
0000
0000
0000
0000
0000
0000
0000
0000
0000
0000
0000
0000
0000
0000
0000
0000
0000
0000
0000
0000
0000
0000
0000
0000
0000
0000
0000
0000
0000
0000
0000
0000
0000
0000
0000
0000
0000
0000
0000
0000
0000
0000
0000
0000
0000
0000
0000
0000
0000
0000
0000
0000
0000
0000
0000
0000
0000
0000
0000
0000
0000
0000
0000
0000
0000
0000
0000
0000
0000
0000
0000
0000
0000
0000
0000
0000
0000
0000
0000
0000
0000
0000
0000
0000
0000
0000
0000
0000
0000
0000
0000
0000
0000
0000
0000
0000
0000
0000
0000
0000
0000
0000
0000
0000
0000
0000
0000
0000
0000
0000
0000
0000
0000
0000
0000
0000
0000
0000
0000
0000
0000
0000
0000
0000
0000
0000
0000
0000
0000
0000
0000
0000
0000
0000
0000
0000
0000
0000
0000
0000
0000
ffdc
0011
ffcc
ffed
000c
fff5
0027
ffe8
0012
001b
fff0
000e
fff9
ffff
ffd5
0011
fff0
ffe3
fffd
0011
0009
ffd8
ffde
ffde
0015
ffea
0012
ffed
ffe7
0003
0019
0006
0029
ffb4
000f
0023
0009
0003
0021
ffe5
000d
fffb
0016
0029
000a
ffeb
ffff
0025
000a
0009
ffeb
0010
002f
fff6
0017
001e
001f
fff3
fff6
0013
fffe
ffdd
0005
fffe
ffeb
fff3
ffd6
ffe2
ffd6
0013
ffed
0015
ffe5
000e
fff5
ffe0
001d
ffdd
ffed
0032
fffe
000a
002a
0022
ffee
002b
001d
ffd9
001e
0007
001c
001a
ffd0
001e
fffb
ffcf
0011
ffed
001b
0005
ffd5
000c
0004
0018
ffd6
ffed
0011
ffec
ffdf
0034
ffcc
001a
fffe
ffe7
0016
ffda
fff3
fff9
ffe9
ffed
ffe1
ffcb
fff3
0020
0000
fffd
fff0
ffe0
0016
0006
0034
fffc
ffe4
0016
0032
ffe6
ffdc
fffe
001c
fff2
fffb
000f
ffc5
000d
ffd5
ffe8
000c
fff3
ffe5
0000
0015
000f
fff8
000e
0017
ffd4
ffed
fff8
fff5
003e
fff2
0012
000b
0008
fffd
0001
0025
ffec
ffd5
0026
001a
0014
0003
ffeb
000a
001b
ffef
0016
ffde
002c
fff9
003f
0027
0013
0026
fff9
0027
fff7
001a
ffe0
ffe6
fff6
ffe3
0022
fff9
ffec
0005
ffe2
000f
000d
0015
ffe1
ffd8
0022
ffcc
0005
ffc8
0005
0015
ffde
0013
002d
000c
ffe5
ffde
0006
0000
ffe4
0010
fff7
ffe3
000c
fff8
000a
0013
ffb2
0010
0015
0005
000f
0017
fff1
fff4
000b
0006
0004
fffa
fffd
000d
0010
0008
ffec
fff0
fffd
0031
fff6
002d
0027
fff7
fff0
000b
000b
ffe4
000c
000a
ffd7
ffe4
fffb
ffe9
ffd8
ffce
001a
0010
0005
ffe7
0017
0004
ffe1
0009
0003
0001
0031
ffd0
001c
0039
0010
ffe7
0022
000d
ffe9
fffd
ffe6
ffff
000e
ffd6
0017
000d
ffe4
ffff
fff4
001c
ffe7
ffea
0015
fffa
0010
ffe2
ffda
001f
0000
ffdd
0044
0001
ffe0
fffe
0005
ffd9
fff7
ffe5
ffe3
ffe4
fff6
ffd9
fff6
ffed
001a
0017
ffff
0004
ffe8
ffe8
0005
0018
fff8
0005
001e
003e
fffd
fff5
fff3
0011
001d
fffd
0014
ffe6
fff5
ffca
ffde
000c
ffea
0016
0006
001a
001c
fffb
0001
0024
ffdc
fff7
fff7
fff6
0018
ffef
000c
0016
000b
ffda
fffe
0014
ffec
ffee
000b
000a
000e
002a
ffe9
ffe6
001a
ffdd
002b
ffd9
fffe
fffb
002e
0005
0012
0030
0007
001d
fff5
0014
ffdf
fff4
fff9
ffe3
000e
0001
0015
0013
ffe7
0010
0020
0039
fffa
ffee
0025
ffc6
000a
ffcd
0032
000e
ffeb
0024
0038
ffff
ffd2
ffc5
fff0
002c
ffd7
0037
0007
ffda
0012
0028
0013
002c
ffae
0001
fffe
fff8
0020
0021
ffd8
0016
001d
001c
000e
fff2
fff0
0004
000e
0010
fff1
0025
002b
003a
ffe8
002c
0022
fffe
ffe5
fff5
fffb
ffdb
ffda
0001
ffec
ffe2
0000
ffdc
ffb8
ffcf
000e
ffea
001b
ffee
0003
000c
ffc6
0027
0013
ffd0
002d
fff9
0003
0022
0001
0001
0025
0014
ffe9
0025
0002
fffe
0037
ffdc
0010
001d
ffcb
fffe
000d
0018
fffc
ffd5
000e
0009
0006
ffe6
ffff
0010
ffd2
ffc8
004b
ffe4
fff2
0003
0025
ffe5
ffca
ffde
fff5
ffda
fffb
fff9
ffdc
ffe5
0009
0026
ffe9
fff2
ffbe
0004
001d
0028
0013
fff4
000f
002c
0001
ffdb
0009
0016
0031
0013
0000
ffeb
000b
fff7
ffde
fff6
fff0
ffee
fff0
002c
0007
000b
fff0
0024
fff5
ffec
0005
ffcb
0018
fff2
fff1
0013
000a
ffee
fffd
0016
fffa
fff4
000b
0017
0039
001d
ffe8
fffb
001b
ffe6
001e
ffdb
0014
fff1
004f
ffef
0013
0037
ffe3
0007
0007
0018
ffca
ffd5
ffec
0000
0000
0000
0000
0000
0000
0000
0000
0000
0000
0000
0000
0000
0000
0000
0000
0000
0000
0000
0000
0000
0000
0000
0000
0000
0000
0000
0000
0000
0000
0000
0000
0000
0000
0000
0000
0000
0000
0000
0000
0000
0000
0000
0000
0000
0000
0000
0000
0000
0000
0000
0000
0000
0000
0000
0000
0000
0000
0000
0000
0000
0000
0000
0000
0000
0000
0000
0000
0000
0000
0000
0000
0000
0000
0000
0000
0000
0000
0000
0000
0000
0000
0000
0000
0000
0000
0000
0000
0000
0000
0000
0000
0000
0000
0000
0000
0000
0000
0000
0000
0000
0000
0000
0000
0000
0000
0000
0000
0000
0000
0000
0000
0000
0000
0000
0000
0000
0000
0000
0000
0000
0000
0000
0000
0000
0000
0000
0000
0000
0000
0000
0000
0000
0000
0000
0000
0000
0000
0000
0000
0000
0000
0000
0000
0000
0000
0000
0000
0000
0000
0000
0000
0000
0000
0000
0000
0000
0000
0000
0000
0000
0000
0000
0000
0000
0000
0000
0000
0000
0000
0000
0000
0000
0000
0000
0000
0000
0000
0000
0000
0000
0000
0000
0000
0000
0000
0000
0000
0000
0000
0000
0000
000d
ffc3
ffc9
ffef
ffcc
ffe2
ffcf
ffc1
000f
000f
0037
002f
0013
fff0
0025
ffe8
0010
0047
0014
003e
0016
0051
ffec
ffaa
003b
002f
ffff
ffe8
0003
001c
ffce
0044
ffd2
ffa8
001d
ffc5
002e
002f
001a
0008
ffdf
fff6
ffc2
004a
002d
ffe4
ffb4
ffec
0043
0053
ffe2
ffe1
fffb
ffca
ffea
0035
ffc0
ffd6
ffc3
ffec
0028
ffe1
001b
0037
0005
0019
0035
0042
0010
001a
fff1
fffe
ffb7
ffbe
002f
fff0
fff0
001d
0025
0003
0004
ffca
ffb5
000f
fff3
0022
0008
001b
0039
0030
0024
0013
001c
0023
fffb
ffe9
ffd6
ffd2
ffff
0010
fffa
0066
ffee
0006
0040
001e
fffd
000b
0007
fffe
0007
fffc
0050
ffd7
fffa
fff8
0023
ffdc
0026
fff5
000d
0027
fff9
fff9
ffff
002b
ffd3
001b
002e
fff5
0012
004c
0025
0031
0036
002d
000b
000b
fffc
0006
0002
0023
000e
fff9
0016
0030
ffe5
0009
0017
ffda
ffe0
ffc6
ffdf
ffee
fffd
000c
fff0
fff4
002c
0000
001d
003f
ffee
0003
0000
000c
001d
001d
ffda
000f
fff1
ffeb
000b
fffa
002d
0003
ffc7
ffd7
ffdd
003b
001b
ffb2
001d
fff2
ffda
0006
ffe7
ffdf
003a
0040
ffd3
ffe4
ffec
ffda
ffc8
0021
ffd3
fff1
0030
ffde
000c
0002
0012
0011
fff0
ffe2
000f
ffd0
fff8
fffa
0019
0019
002d
000d
ffb8
000e
003a
004f
0008
ffed
0037
0019
ffcb
000c
ffd5
ff98
ffe2
ffac
0018
0002
0028
003e
000a
000a
ffc0
0061
0010
fff3
ffba
000b
0051
0051
0022
ffee
ffdf
fff7
0006
0027
ffce
0013
ffad
fff1
003a
fff5
006a
001b
ffff
000a
0020
0017
000e
fff1
ffe0
0008
ffb0
ffbe
0020
ffeb
ffdc
fffb
0033
fffd
0031
ffd8
ffc3
000d
ffdf
002a
0015
fffe
003c
0009
0011
0027
0015
002c
ffd4
0011
fff8
ffd7
ffe8
fffd
ffe1
003f
ffea
0020
0034
0026
fff3
0005
0013
0018
fffc
ffda
0022
ffd6
000d
fffa
001d
ffe9
001c
ffef
0002
0029
fff7
fff8
ffe8
000b
ffdd
0036
0012
0012
ffe3
0033
000c
0020
001e
0005
ffe4
0009
ffd4
0020
ffca
0006
000f
fff3
002f
0019
ffef
0023
0006
ffad
ffc6
ffdb
ffe9
fff9
000d
0000
fffb
0012
0046
ffde
000c
000b
fffc
0010
ffef
0006
fffb
0027
fff1
0015
ffe2
ffeb
000e
ffce
0014
0012
ffbb
fffc
ffcc
0030
0028
ffc9
0005
ffd2
ffdc
ffec
fff6
ffdc
0017
0040
ffd8
ffd6
ffec
ffb5
ffd4
000b
ffc5
ffbf
0001
ffd6
0032
001e
0022
001b
fffc
ffda
ffed
0007
0019
0030
0000
fff6
0030
0050
ffe1
fff0
0030
002f
ffe2
ffe0
fff9
001c
000c
003e
ffb4
ffa8
ffdd
ffa7
0023
fff8
0018
0032
fffd
ffdd
ffdc
0066
0031
ffc1
ff8f
001f
0037
003c
0029
ffe6
ffe8
ffe5
ffdc
002a
ffd3
ffe3
ffb2
ffde
0038
fffa
0060
003e
ffff
fffd
001f
000f
0014
ffff
ffd3
0018
ffca
ffa2
0032
fffd
ffdb
0022
0000
000e
0035
ffdd
ffb1
0022
fffb
0011
000f
ffff
0026
0036
0008
0009
0017
0041
fff7
0005
ffea
ffd1
ffd9
000d
ffee
0051
ffcd
0005
003e
0018
000e
000d
0034
ffe6
ffdf
ffed
0016
ffde
000b
ffef
002d
ffd5
002f
ffd4
fff4
0039
ffef
ffd6
fff8
ffea
ffd1
002e
0029
fff1
ffee
0047
001e
0029
0025
0004
0000
002a
ffe2
000c
ffd1
ffec
ffef
fff0
0025
0003
ffec
fff7
fff7
ffc6
ffdf
fff6
ffd6
0010
0004
0023
ffe3
0001
003f
fff7
0006
0015
ffe9
0001
fff5
ffdd
fff2
0030
ffdf
ffe2
ffe3
fffc
0000
fff2
0012
0005
ffcf
fff4
ffd9
001d
0031
ffc9
fff5
ffc0
ffed
fff3
fffc
ffe9
0032
0044
ffe7
ffba
0000
0000
0000
0000
0000
0000
0000
0000
0000
0000
0000
0000
0000
0000
0000
0000
0000
0000
0000
0000
0000
0000
0000
0000
0000
0000
0000
0000
0000
0000
0000
0000
0000
0000
0000
0000
0000
0000
0000
0000
0000
0000
0000
0000
0000
0000
0000
0000
0000
0000
0000
0000
0000
0000
0000
0000
0000
0000
0000
0000
0000
0000
0000
0000
0000
0000
0000
0000
0000
0000
0000
0000
0000
0000
0000
0000
0000
0000
0000
0000
0000
0000
0000
0000
0000
0000
0000
0000
0000
0000
0000
0000
0000
0000
0000
0000
0000
0000
0000
0000
0000
0000
0000
0000
0000
0000
0000
0000
0000
0000
0000
0000
0000
0000
0000
0000
0000
0000
0000
0000
0000
0000
0000
0000
0000
0000
0000
0000
0000
0000
0000
0000
0000
0000
0000
0000
0000
0000
0000
0000
0000
0000
0000
0000
0000
0000
0000
0000
0000
0000
0000
0000
0000
0000
0000
0000
0000
0000
0000
0000
0000
0000
0000
0000
0000
0000
0000
0000
0000
0000
0000
0000
0000
0000
0000
0000
0000
0000
0000
0000
0000
0000
0000
0000
0000
0000
0000
0000
0000
0000
0000
0000
ffcb
fff8
fffd
0020
ffe8
ffc4
ffe8
ffec
fff5
ffb5
0041
ff8d
ffe0
0013
0041
003e
0016
0008
0011
ffe5
fffc
ffc5
0042
000c
0001
000f
002f
ffe1
0009
001f
fff7
fffe
0026
002d
ffcd
ffac
ffe9
0026
fffe
ffe7
0043
ff9e
0002
003a
0003
ffc3
0018
ffe1
0040
0004
ffec
0038
0010
0026
ffa8
ffd5
ffef
ffce
fff9
0023
ffe1
ffec
0021
ffef
0001
fffe
ffaa
ffae
ffd1
ffd1
0024
ffd3
ffe5
0038
ffff
0021
ffbd
0026
0015
ffed
002c
000f
ffc5
ffbd
0031
fff8
0019
ff82
ffd7
ffdf
004b
0014
0038
ff93
ffd3
fffc
fffa
ffcc
ffb3
ffb9
ffef
0026
0037
ffce
0013
ffcd
ffc3
ffd1
ffdd
ffe2
0005
ffd4
0015
ffe0
ffc3
ffdd
ffcb
0059
ffd5
000b
ffff
fffa
0004
0012
fff7
0033
fff9
ffe9
ffda
0040
fffc
fff5
002c
ffea
000d
0027
ffc5
003f
0000
003b
000c
0024
fffb
fffb
0049
ffe8
fff1
fffa
fff6
ffdc
ffc5
003b
ffef
ffe4
002a
0030
ffff
0035
0035
fff3
ffe6
ffec
0014
0019
ff8f
fffa
ffee
ffe2
0003
0028
0038
fffb
ff9d
ffce
0045
ffd0
ffff
ffc5
000a
ffce
0023
fff6
000f
fff8
ffbf
0058
ffec
0018
0003
000d
ffc5
fff6
ffe5
fff2
ffd6
003b
ffec
ffb8
fffe
fff6
0010
ffcd
003e
ff8d
ffe4
0022
000d
002d
001a
0005
0012
ffff
0022
ffcf
004f
0009
fffc
ffe1
0007
ffe6
ffe2
002e
ffed
0009
0048
001c
ffd6
ff8f
ffc9
003e
fffd
fffa
002b
ffad
0023
003a
fff3
ffd0
0027
ffda
0030
ffe6
ffb3
0022
0015
004a
ffc1
ffdb
ffd9
ffc3
0006
005c
ffe1
ffce
0002
ffea
0006
ffda
ffca
ffc2
0008
ffbc
000a
ffb9
ffdc
007d
ffe2
0005
ffcc
001d
0027
000f
0027
ffee
ffbf
ffce
001c
ffec
004d
ff9f
ffe2
0005
fff7
0021
004a
ffaf
ffcb
000d
0009
ffb7
ffb4
ffd3
fff7
0015
0018
ffb1
0026
ffc9
ffbe
ffc7
ffe5
fffe
fff0
ffd3
fff3
fffa
ffb7
ffd7
ffe5
004c
fff5
ffe8
ffe0
001d
fff9
ffd0
0003
0003
000b
ffc1
ffd9
0057
000e
ffd5
001e
fffa
ffee
0039
ffde
0037
ffe6
0029
0016
000e
ffef
0010
0025
0009
fff0
0032
fff2
ffdb
ffcc
0052
0006
fffd
0017
004b
ffff
0021
0032
ffe9
ffd7
fff9
001e
002f
ff98
fff3
ffdf
ffee
ffe9
0005
004d
fff7
ffb5
fff5
0048
ffb5
ffd8
ffda
0012
ffd7
0023
fff4
000d
fffc
ffbe
006e
ffdf
0030
000d
0039
ffa2
000d
fffd
ffd7
ffea
002b
ffd3
ffbb
0003
fff7
0015
ffdf
0024
ff96
fff1
0011
001a
0038
001b
000e
0021
ffeb
ffea
ffc0
004f
fff8
0012
ffe9
fffd
fffa
ffff
0032
ffe7
000c
003a
003c
ffc5
ffc5
ffce
0044
0001
0010
002c
ffb3
0008
0046
ffe1
ffb6
001d
0026
0027
000f
ffba
ffe9
0017
0036
ffe4
ffdd
ffd6
ffc6
0000
0061
0006
ffea
fffb
fff9
fff2
ffd1
ffde
ffb1
0008
ffde
fffb
ffd7
ffef
007d
ffd4
0018
ffaa
0011
0039
0019
0012
ffe8
ffc9
ffd9
002a
fffd
0051
ff84
ffdf
ffe8
0028
000e
0017
ff73
ffe8
0044
ffe6
ffdf
ff8b
ffdc
0009
0029
002a
ffde
0009
ffda
ff94
ffd3
0004
ffed
ffe1
ffd7
0038
ffe6
ffc4
ffed
ffed
0078
0009
ffef
000c
000e
fff8
fff6
ffc7
0020
fffd
ffd9
ffe9
0074
0004
0006
0011
ffee
002d
0059
ffc7
0034
fffe
0015
0015
0038
ffc2
fffd
0024
0005
fff8
0016
fff9
ffea
ffd7
002e
fffb
ffed
0024
0054
ffec
0005
003c
ffde
ffeb
ffef
002b
0052
ff92
fffc
ffc1
ffec
000a
0011
003b
ffec
ffc1
ffeb
0048
ffd7
fffd
fff3
ffd1
ffcc
0032
0010
ffeb
ffe0
ffeb
005c
ffdc
0037
0017
0022
ffd6
ffe4
0000
0000
0000
0000
0000
0000
0000
0000
0000
0000
0000
0000
0000
0000
0000
0000
0000
0000
0000
0000
0000
0000
0000
0000
0000
0000
0000
0000
0000
0000
0000
0000
0000
0000
0000
0000
0000
0000
0000
0000
0000
0000
0000
0000
0000
0000
0000
0000
0000
0000
0000
0000
0000
0000
0000
0000
0000
0000
0000
0000
0000
0000
0000
0000
0000
0000
0000
0000
0000
0000
0000
0000
0000
0000
0000
0000
0000
0000
0000
0000
0000
0000
0000
0000
0000
0000
0000
0000
0000
0000
0000
0000
0000
0000
0000
0000
0000
0000
0000
0000
0000
0000
0000
0000
0000
0000
0000
0000
0000
0000
0000
0000
0000
0000
0000
0000
0000
0000
0000
0000
0000
0000
0000
0000
0000
0000
0000
0000
0000
0000
0000
0000
0000
0000
0000
0000
0000
0000
0000
0000
0000
0000
0000
0000
0000
0000
0000
0000
0000
0000
0000
0000
0000
0000
0000
0000
0000
0000
0000
0000
0000
0000
0000
0000
0000
0000
0000
0000
0000
0000
0000
0000
0000
0000
0000
0000
0000
0000
0000
0000
0000
0000
0000
0000
0000
0000
0000
0000
0000
0000
0000
0000
fff4
0011
0010
0002
001c
0016
fff2
fff4
0038
0005
ffec
001a
000b
ffdc
ffe2
fffa
ffe2
0006
001f
ffea
0030
fffb
fffb
002c
fffd
ffee
fffa
0020
ffe5
ffd8
0027
0003
ffa0
ffe2
0016
ffe8
ffe1
ffd3
ffd4
0015
fffe
ffb9
0008
0010
fffa
ffbc
ffd2
0013
0010
ffeb
0009
0019
fff8
ffe8
ffe3
000d
ffe1
fffc
0016
0018
ffff
ffeb
001c
0010
0016
ffff
0003
ffdc
ffc9
ffcd
0001
fff0
0015
fffd
001a
fff6
0046
ffaf
ffca
001b
0049
ffd8
fffe
0011
ffe9
0025
ffdd
ffb3
ffe6
fff0
ffd9
ffe6
ffcd
004b
000f
0011
000f
006c
ffef
0019
ffdf
0007
002b
ffd9
ffe0
001e
0017
ffce
000d
0043
ffdb
ffdf
ffbe
0047
0003
0048
0048
ffc5
001b
ffd6
0011
ffdf
ffea
ffe7
ffab
ffb9
ffdf
fffd
ffc3
001d
001d
ffd4
0020
0005
ffc9
ffe9
000b
ffcf
0029
0033
002d
fff3
0029
0003
ffb5
0043
ffaf
ffe7
000d
fff1
ff9c
0029
fff5
0009
fff0
fff5
000e
0005
0047
fff3
001b
003e
0004
ffd7
0032
000a
ffe2
0004
fff8
0026
ff8b
001c
0000
ffe7
ffe6
ffed
0004
fff1
000c
ffe8
0015
ffe9
000d
0007
000f
fff1
fffd
ffd7
ffcc
0003
0027
0014
fffc
0025
0004
fff4
fff0
0007
ffe4
0005
0038
000a
ffef
0011
000e
ffeb
ffdb
000c
0009
001d
002e
ffff
0055
fff9
fffb
0028
fff1
ffcf
0000
0002
ffff
ffea
0021
001d
ff92
ffdb
000c
fff6
ffc7
ffdc
fff0
0023
ffe7
ffc7
fff8
002a
fff4
ffb3
ffe3
fffc
0005
ffdf
0017
fff5
fffc
fff2
fffc
fffd
fffe
ffec
fff8
0027
0025
ffe9
0011
000a
0028
ffd8
ffd5
ffeb
ffe3
ffda
fffb
ffdb
0000
000b
0006
0000
003a
ffbe
ffc0
0012
0046
ffd3
fff6
0012
000b
0024
ffed
ffe0
ffd8
fff1
fff2
fffb
ffc3
0051
fff1
ffec
fff4
0055
000e
002e
0017
fff0
0023
ffd9
ffed
fffb
0020
ffc7
0021
005a
ffff
0019
ffe0
002d
ffdf
0048
006d
ffc8
001c
ffe7
0001
fff7
ffdd
0003
ffb6
ffc0
ffe8
fff4
ffb2
0024
000a
fff2
ffe4
fffa
ffe0
ffe6
ffec
ffda
0008
001b
003f
fff6
0024
0003
ffd6
0034
ffb1
fff6
0010
ffff
ffb7
0024
fff4
fff0
ffec
001f
fff1
000b
0016
ffff
0033
0040
0005
0001
0043
fff7
ffd4
0014
0005
002f
ff90
0037
fff7
001f
ffc5
0012
ffce
fff5
001f
ffff
0018
fff4
0018
0007
fffc
0026
000d
ffd0
ffde
ffce
0033
0019
fffe
0016
fffe
0007
0001
000a
ffe4
0003
0035
0018
ffdc
0008
ffff
ffe4
ffe5
fff2
0001
0000
0006
0005
003f
fff1
0009
0025
000e
ffe1
ffde
002f
0015
fff4
0021
0022
ffa2
ffde
fff4
ffdd
ffdc
ffdf
ffed
0015
fff9
ffae
0008
001c
ffd9
ffc9
ffd4
fffa
001c
ffcb
0035
0011
fff0
ffe4
0002
0005
fffb
ffea
0002
0028
000c
0008
000f
0015
0029
ffe4
001f
ffd7
fffd
ffd7
0001
000d
fffa
0011
0022
0000
0048
ffb0
ffb5
0013
003b
ffd2
0001
0008
000b
001a
0000
ffcd
ffdb
fff2
ffd7
ffe2
ffc1
0024
ffda
ffe6
000f
007f
fff8
0007
fffe
000d
0013
ffde
ffd4
fffa
0009
ffae
000e
004f
fff6
000f
ffc9
0060
0005
0055
0049
ffdc
fff8
ffe8
0027
001f
ffe1
000a
ffa4
ffb4
ffea
fff4
ffc8
000f
ffe9
0010
000f
000d
ffc4
ffd5
001f
ffe2
000b
0003
0044
fff1
0034
fff8
ffb3
0033
ffd4
ffc5
002d
ffee
ff93
001e
ffe5
0007
ffce
ffd9
000a
ffe7
0036
000a
0035
0056
000d
fff3
0048
0016
ffd4
0006
ffdf
002a
ffac
002c
000a
fff4
ffe6
ffff
ffd0
0026
001f
ffed
002d
fffe
0027
0000
0013
0007
fff5
ffca
ffd9
ffea
0053
0004
0000
0000
0000
0000
0000
0000
0000
0000
0000
0000
0000
0000
0000
0000
0000
0000
0000
0000
0000
0000
0000
0000
0000
0000
0000
0000
0000
0000
0000
0000
0000
0000
0000
0000
0000
0000
0000
0000
0000
0000
0000
0000
0000
0000
0000
0000
0000
0000
0000
0000
0000
0000
0000
0000
0000
0000
0000
0000
0000
0000
0000
0000
0000
0000
0000
0000
0000
0000
0000
0000
0000
0000
0000
0000
0000
0000
0000
0000
0000
0000
0000
0000
0000
0000
0000
0000
0000
0000
0000
0000
0000
0000
0000
0000
0000
0000
0000
0000
0000
0000
0000
0000
0000
0000
0000
0000
0000
0000
0000
0000
0000
0000
0000
0000
0000
0000
0000
0000
0000
0000
0000
0000
0000
0000
0000
0000
0000
0000
0000
0000
0000
0000
0000
0000
0000
0000
0000
0000
0000
0000
0000
0000
0000
0000
0000
0000
0000
0000
0000
0000
0000
0000
0000
0000
0000
0000
0000
0000
0000
0000
0000
0000
0000
0000
0000
0000
0000
0000
0000
0000
0000
0000
0000
0000
0000
0000
0000
0000
0000
0000
0000
0000
0000
0000
0000
0000
0000
0000
0000
0000
0000
0000
ffcc
005d
001e
003b
ffdb
ffce
ffec
ffcc
ffba
ffde
ffc0
0013
0034
ffd7
ff79
ffcf
0055
0072
002c
ffcb
004e
000d
0042
0066
006e
ffd5
0049
0011
ffe7
003d
ffdb
0011
fff6
001d
0051
005f
001a
0032
ffd4
005b
ff27
0030
0017
fffa
ffe8
fff1
ffb2
ffa9
0084
ffc8
002c
003f
0032
0006
fffc
0047
003f
0066
003a
fffa
fffa
001d
ffb2
004e
0005
fffa
001a
fff4
ffea
0026
fffe
001f
0009
ffcb
fff3
ffd0
0033
001e
ffe1
0011
003d
ffe1
000b
fff6
ffe4
0010
fff4
ffec
002a
0031
ff9d
ffd9
0016
0032
fff7
000c
0002
ffb8
0044
fff3
0033
ffd9
ffe5
0035
ffad
fffa
ffe4
0037
ffdb
0026
003d
0019
ffa4
0020
ffcd
fff3
0022
0024
0011
fffb
ffdf
ffbd
ffd0
0010
0048
0021
ffe0
ffea
006a
fffe
0007
0025
ffd7
ffb4
002d
0056
ffb0
ffe7
ffab
0021
0007
ffed
ffb6
fff8
fffa
0003
ffec
0036
006e
fff8
001a
0026
ffe3
fff1
000f
fff1
ffb1
001e
ffe7
ffd2
ffc3
001c
007d
0005
fffe
001b
0019
0055
ffe8
ffdf
ffef
ffb1
fff4
0068
0029
001c
001e
ffc0
0028
fff5
ffa4
000e
ffa8
ffec
0044
fffc
ffa3
fff5
0003
000e
fff8
0017
ffe8
0052
0037
0029
ffd1
ffc0
fffd
fff4
ffd7
ffc4
ffaa
ffff
0046
ffa4
ffab
fff9
0013
005a
002c
ffc3
004e
fffa
000e
004d
0068
ffd9
0092
000a
000f
0054
ffc7
0018
ffd3
0016
003f
0045
ffe4
0048
ffe4
005d
ff22
003b
ffbb
0000
ffd3
0005
ffcc
ff9b
007d
ffa1
003a
0021
0000
0003
fffe
0011
0058
005b
0017
ffe5
ffe2
0032
ffc8
0021
0029
fffa
001b
fff0
ffde
0029
0005
fffe
0009
ffd9
fffb
ffcb
0023
002b
fff5
0001
0024
ffe5
0006
ffd8
fffa
0000
0002
ffe8
001b
0040
ffa6
ffde
0012
001f
ffe8
0015
000c
ffdf
000a
0013
002f
0004
ffe4
0027
ffcc
0003
fffa
0031
ffff
0027
0047
fff1
ff97
ffed
ffce
0014
0029
001b
0033
0029
ffcd
ffd0
ffcb
001f
005d
0017
fffd
ffea
0063
0016
0006
0007
ffd4
ffa4
0005
005f
ffb1
0002
ffc8
0013
0023
ffea
ffbc
ffe1
fffb
0039
ffea
0026
0049
fff5
0016
0003
ffd7
0012
ffee
0023
ffe1
0031
ffe5
ffef
ffc9
001b
0068
fff0
fff7
001f
000d
0041
ffb2
ffda
ffcb
ff96
0011
0079
0008
0034
0020
ffda
001c
0006
ffb2
fffb
ff77
fff8
000d
000d
ffb2
fffe
fff6
000e
ffeb
ffda
ffe3
0045
0054
005c
000c
ffd7
fff8
000d
ffac
ff90
ffd5
fff9
004c
ffd1
ff8d
ffec
0039
0052
0054
ffd2
0052
ffff
004f
0054
0069
ffdb
0042
0026
ffe2
0045
ffbc
002b
ffb9
fffd
0069
004d
000d
0032
ffda
0062
ff24
0046
ffd0
000b
ffe8
ffab
ffd5
ff7d
004a
ffbc
004f
0020
0002
ffd7
ffff
004e
0040
005f
001d
fff7
ffd4
0049
ff95
0036
0027
ffd8
001a
ffed
ffea
001f
000a
0008
fff0
ffd3
0010
ffdf
002b
002b
ffd8
0019
0019
ffdd
000a
ffdc
ffd9
0003
fff2
ffde
001f
0028
ff90
fff8
fff6
0039
0002
fffa
0016
ffc9
002e
0012
0032
ffcf
ffeb
003a
ffc8
0018
fff4
0044
0010
003e
0023
0030
ff80
fff4
ffc4
0021
0024
0025
0051
0006
ffef
ffc0
ffae
0007
005d
0010
ffeb
ffff
005d
ffef
000a
fffc
ffdc
ffc0
0016
003e
ff8b
ffe4
ffc4
000a
0007
ffd2
ffc8
0011
0012
001e
fff5
003f
0056
ffee
000a
0026
0003
ffee
fffc
003c
ffd8
ffcf
ffe9
ffe8
ffb6
fff9
0064
ffe5
ffeb
0015
0013
0069
ffe7
ffe6
ffec
ff9b
0007
008d
0015
0026
0019
ffd3
003b
0011
ffb8
0016
ff78
fff0
003c
0003
ff7b
0024
ffd7
0013
001c
fff0
0000
0000
0000
0000
0000
0000
0000
0000
0000
0000
0000
0000
0000
0000
0000
0000
0000
0000
0000
0000
0000
0000
0000
0000
0000
0000
0000
0000
0000
0000
0000
0000
0000
0000
0000
0000
0000
0000
0000
0000
0000
0000
0000
0000
0000
0000
0000
0000
0000
0000
0000
0000
0000
0000
0000
0000
0000
0000
0000
0000
0000
0000
0000
0000
0000
0000
0000
0000
0000
0000
0000
0000
0000
0000
0000
0000
0000
0000
0000
0000
0000
0000
0000
0000
0000
0000
0000
0000
0000
0000
0000
0000
0000
0000
0000
0000
0000
0000
0000
0000
0000
0000
0000
0000
0000
0000
0000
0000
0000
0000
0000
0000
0000
0000
0000
0000
0000
0000
0000
0000
0000
0000
0000
0000
0000
0000
0000
0000
0000
0000
0000
0000
0000
0000
0000
0000
0000
0000
0000
0000
0000
0000
0000
0000
0000
0000
0000
0000
0000
0000
0000
0000
0000
0000
0000
0000
0000
0000
0000
0000
0000
0000
0000
0000
0000
0000
0000
0000
0000
0000
0000
0000
0000
0000
0000
0000
0000
0000
0000
0000
0000
0000
0000
0000
0000
0000
0000
0000
0000
0000
0000
0000
0017
fff1
ffef
000b
ffe6
0020
fff4
002d
0009
000b
ffca
003c
000e
002b
fff1
000d
ffdc
ffbc
ffba
0041
ffe0
ffd7
0025
0002
0007
fff3
0038
ffd8
ffd6
000f
0013
fff6
ffe9
001d
fff7
0038
000b
0045
fffe
003a
ffe3
ffcc
000e
fff2
0002
0006
002c
fff4
0004
fff5
0016
fff3
002d
0039
002b
0010
ffd2
004e
001d
ffb8
ffd2
0031
ffc9
004e
ffac
0024
000c
000b
0011
0007
0030
0041
000d
fffe
003e
0003
0011
fff3
0033
ffe4
0007
002c
fffd
fff7
fffb
ffe1
fff1
ffe0
000e
fffb
0005
ffd5
ffab
0030
fffa
ffea
fff0
0016
ffc3
ffd5
fff2
fffc
ffce
ffdd
fffc
0008
0002
ffe4
0013
0037
ffe1
000c
000f
002b
001d
0026
0008
ff9a
ffba
ffc5
002e
ffee
000e
ffc5
002d
0047
fff1
fffe
ffff
0015
ffdf
ffeb
000e
0024
fffd
000b
0008
ffea
ffb8
ffc8
ffe8
0014
0010
0003
ffe9
0048
0020
ffb1
ffe3
0033
ffc0
001d
ffcc
003b
ffe9
000b
ffdf
002e
001a
0011
0011
0006
0022
0014
003d
ffd0
0008
ffc9
ffed
0005
0001
0009
0048
ffb4
0012
000c
fff1
ffee
fff6
fff1
0001
0021
0003
ffe7
0003
fffd
ffdc
ffcd
0002
fff5
ffff
fff9
0006
fffd
0008
001a
ffea
0021
ffe5
0026
0010
0012
ffb8
0013
fffe
003c
ffec
fff6
ffe6
ffac
ffdb
0044
ffdf
ffe4
0015
ffe6
0018
0006
003e
ffcb
ffc3
0016
fff5
ffea
ffd5
003e
fff0
0040
0005
0043
fff3
0041
000a
ffea
ffe5
0004
0014
0014
001a
001c
000b
0018
000e
0001
0009
0015
0035
0005
ffda
004b
0037
ffa2
ffbe
0021
ffae
0034
ff9c
0020
0002
001c
0010
0021
0031
0044
000a
0017
0036
0012
0000
fff0
002c
ffc7
0003
0035
0009
ffe8
fff0
ffd8
001d
ffd8
fffa
000c
0002
ffd9
ffab
0030
0009
0008
ffe0
0020
ffbb
ffe9
ffe4
001e
fff2
fffc
0000
0010
fff0
ffdd
000a
0026
000a
fff8
0024
0004
0015
0017
fff8
ff9d
ffc1
fff7
0033
fffc
001b
fff2
002f
003b
0003
ffeb
0027
ffea
ffd6
0009
0015
0012
0008
fff1
fff8
ffe3
ff9d
ffd2
ffd6
fffd
fff8
0015
ffed
0049
000e
ffbe
ffcb
0023
ffc7
0028
ffc2
003f
ffe7
001f
ffe4
0028
001e
fff6
ffed
ffe8
0005
0010
0046
ffd9
fff0
ffc9
fff3
0004
ffe3
0001
0044
ffcd
0023
0012
0004
ffff
fff0
fff1
fff6
0029
0006
ffed
000b
fff2
ffd5
ffdb
fffe
fff2
ffec
ffeb
0007
0022
0003
0003
ffeb
fffc
fffd
0021
0007
ffff
ffbb
000a
ffe4
0035
ffe5
ffeb
ffe0
ffdc
ffbd
0030
ffe9
ffc5
0012
000d
fff4
fffe
0034
ffbe
ffd1
001d
fffb
0002
ffdd
002e
ffdf
0037
001b
0056
fff9
0026
fffd
ffbe
ffe7
0002
000d
0028
0022
0020
0016
0002
0005
fff6
000a
001b
002a
0008
ffc5
0040
0028
ff99
ffbf
0023
ffae
002a
ffab
0026
ffff
000d
fff4
0003
003d
004d
001d
000b
0042
0008
0003
ffd9
001d
ffc7
fff8
0023
0008
ffec
fff1
fff4
0006
ffe5
ffe5
0009
0006
ffca
ffc4
0016
0009
000e
fffa
000e
ffd1
ffe2
ffdd
fff9
ffee
ffd4
0015
0009
000c
ffe1
0015
003a
ffff
0011
0014
0018
0020
001d
fff7
ff8b
ffc3
ffee
0022
fff3
ffe8
fff1
0044
0055
0002
0001
0010
ffea
ffdc
fff2
0014
0013
0010
000a
fff1
ffe3
ffb2
ffca
fff3
0010
0013
0007
fffa
004b
001f
ffc9
ffc2
0032
ffc5
0032
ffd3
004c
ffeb
0010
ffce
003f
0042
ffeb
0009
ffe9
001b
001a
004b
ffda
fff1
ffd2
0002
fffe
ffe8
fff1
0049
ffbc
0010
0000
fff7
ffee
fff9
ffff
fff8
000d
0002
fffa
0008
0001
ffe6
ffd8
0011
fff3
ffdd
ffe6
0000
0000
0000
0000
0000
0000
0000
0000
0000
0000
0000
0000
0000
0000
0000
0000
0000
0000
0000
0000
0000
0000
0000
0000
0000
0000
0000
0000
0000
0000
0000
0000
0000
0000
0000
0000
0000
0000
0000
0000
0000
0000
0000
0000
0000
0000
0000
0000
0000
0000
0000
0000
0000
0000
0000
0000
0000
0000
0000
0000
0000
0000
0000
0000
0000
0000
0000
0000
0000
0000
0000
0000
0000
0000
0000
0000
0000
0000
0000
0000
0000
0000
0000
0000
0000
0000
0000
0000
0000
0000
0000
0000
0000
0000
0000
0000
0000
0000
0000
0000
0000
0000
0000
0000
0000
0000
0000
0000
0000
0000
0000
0000
0000
0000
0000
0000
0000
0000
0000
0000
0000
0000
0000
0000
0000
0000
0000
0000
0000
0000
0000
0000
0000
0000
0000
0000
0000
0000
0000
0000
0000
0000
0000
0000
0000
0000
0000
0000
0000
0000
0000
0000
0000
0000
0000
0000
0000
0000
0000
0000
0000
0000
0000
0000
0000
0000
0000
0000
0000
0000
0000
0000
0000
0000
0000
0000
0000
0000
0000
0000
0000
0000
0000
0000
0000
0000
0000
0000
0000
0000
0000
0000
ffea
ffbf
0037
ffa7
ffaa
002e
0032
ff7c
003b
000e
ffc1
007b
ffeb
ffc3
ff94
ff90
ffac
ffe6
002e
ff89
ffc8
ffee
0024
ffe5
ffd7
002a
0067
003a
ffda
ff9d
ffa3
0017
001d
006e
fff3
000d
ffeb
ffe5
0026
0080
ffd4
004b
ffa9
0043
ffd4
fff0
006a
ffe2
007d
001e
ffa8
0010
004f
0018
ffe6
0023
ffd3
ffe5
003e
0042
ffdf
0005
fff2
ffc6
002e
ffc3
0007
003f
fffc
ffce
ffe3
fff8
ffcc
fff6
ffad
ffec
fff9
0017
0014
0024
0005
fff5
001f
0006
0042
0050
ffe8
fffa
0023
ffdb
0050
fff7
0016
002b
ffd1
ffd6
ffe7
ffa8
ffd9
0046
0028
0014
0010
ffc4
fffd
0017
0017
ffe3
0001
0023
ffdc
0004
0026
fffd
ffb7
0074
0053
003c
0036
ffd7
001a
ffde
ffe4
0014
ffe4
ffb7
ffcc
fff6
0035
0013
fff3
ffb1
001c
fffa
0011
ffe5
ffbc
fffe
0011
0014
0018
000a
001c
fff7
ffcb
ffca
fff9
0029
ffb4
ffdb
ffe4
ff7f
0031
fff5
0011
ffe4
0025
0007
fff0
ffc2
ffe9
001e
ffe2
ffc8
000e
fff3
0028
ffb2
ffc4
ffcd
001f
ffe2
fffa
0001
ffdf
0035
004b
0030
fff5
0023
fff8
0006
0018
ffe9
000c
ffe0
0022
0017
001f
ffd2
fff1
004f
ffd2
ffa6
005d
ffb1
ff89
0036
004c
ff79
0038
001d
ffb5
004e
fffd
ffac
ff99
ff9e
ffc5
0007
002e
ffba
ffb4
ffe7
0024
ffc2
ffcc
002e
0067
0048
ffd1
ff7c
ff98
ffe5
002d
005f
0007
000a
fffa
ffe9
0055
006e
ffde
0054
ffa3
0036
ffb5
fff8
0072
ffc8
007b
0013
ff9d
0043
0048
fff6
fff1
0023
ffcc
ffde
001b
0059
0000
0007
0004
ffe8
0031
ffd1
0021
0050
ffdb
ffc2
ffe7
000c
ffc9
0005
ffc5
fff8
fffd
fffb
001a
0030
ffec
fffc
0023
fff9
002c
0065
ffd2
000d
0020
ffce
004a
fffa
001f
003d
ffee
ffdb
ffed
ffb7
ffe6
001c
002d
0034
fffc
ffd4
ffef
0019
0016
ffe7
0007
0026
fffb
fffc
0028
fff9
ffa2
0073
0067
0029
0012
ffe7
0006
fff9
fff4
0021
ffe6
ffdc
ffba
fffa
0024
0023
ffcf
ffa9
002b
000f
ffed
ffd4
fff5
ffe4
000e
0028
002e
0022
0033
ffe7
ffc1
ffc7
0000
0011
ffc9
ffe4
ffd7
ff6b
0032
0011
0005
fffa
0036
ffdb
fffc
ffc4
ffe2
0018
ffe6
ffd4
000b
fff1
0014
ffc4
ffc5
fff0
0012
ffdf
0007
0015
ffdc
003b
004c
0048
ffe2
0023
fff8
0027
0039
fff2
0000
0000
002e
0015
001b
ffbb
ffed
0046
ffcf
ff92
0064
ffc5
ff91
0039
0052
ff58
002e
0031
ffd6
0054
ffc3
ffbe
ffa3
ff6c
ffc0
fff3
002c
ffc1
ffa9
ffdc
002a
ffd0
ffba
0045
0050
0045
ffd4
ffb1
ff7e
ffee
001c
0077
0006
001e
0018
ffd1
0061
0056
000f
0051
ffd5
0055
ff9a
ffd3
0096
ffc8
0072
002d
ffb9
0033
004d
000a
fff4
001c
ffb4
fff4
0026
0046
ffd7
0005
ffd4
ffe3
0029
ffc8
002c
003d
ffe4
ff9f
fff4
0009
ffc2
fffc
ffc0
fffe
ffff
0000
001d
002c
0025
fff6
0016
000a
0035
0062
fffc
0001
0016
ffcd
0026
ffeb
0012
0031
ffe9
ffdb
ffe9
ffb3
ffe4
0034
002a
0036
0006
ffd2
ffe7
0002
fff8
0005
000c
0034
fff8
0007
0032
000b
ffb5
0058
0050
004c
002c
ffca
0023
fffb
ffee
0031
0001
ffe3
ffb8
0003
003b
0021
ffdd
ff97
0006
0014
0001
ffe5
ffcd
ffe5
000c
002b
001a
001b
001e
ffdb
ffd7
ffd6
fff7
fffc
ffc5
001b
ffe1
ff7a
0014
0002
0008
ffc8
0037
ffdd
ffe4
ffd1
fff9
0038
ffec
ffc7
fff5
0000
002d
ff9d
ffb1
ffe0
0033
ffed
001a
0012
ffe9
004d
0039
0030
fffa
0016
ffd8
0011
0034
0003
0003
fff1
0042
0025
0002
ffbd
ffed
0060
0000
0000
0000
0000
0000
0000
0000
0000
0000
0000
0000
0000
0000
0000
0000
0000
0000
0000
0000
0000
0000
0000
0000
0000
0000
0000
0000
0000
0000
0000
0000
0000
0000
0000
0000
0000
0000
0000
0000
0000
0000
0000
0000
0000
0000
0000
0000
0000
0000
0000
0000
0000
0000
0000
0000
0000
0000
0000
0000
0000
0000
0000
0000
0000
0000
0000
0000
0000
0000
0000
0000
0000
0000
0000
0000
0000
0000
0000
0000
0000
0000
0000
0000
0000
0000
0000
0000
0000
0000
0000
0000
0000
0000
0000
0000
0000
0000
0000
0000
0000
0000
0000
0000
0000
0000
0000
0000
0000
0000
0000
0000
0000
0000
0000
0000
0000
0000
0000
0000
0000
0000
0000
0000
0000
0000
0000
0000
0000
0000
0000
0000
0000
0000
0000
0000
0000
0000
0000
0000
0000
0000
0000
0000
0000
0000
0000
0000
0000
0000
0000
0000
0000
0000
0000
0000
0000
0000
0000
0000
0000
0000
0000
0000
0000
0000
0000
0000
0000
0000
0000
0000
0000
0000
0000
0000
0000
0000
0000
0000
0000
0000
0000
0000
0000
0000
0000
0000
0000
0000
0000
0000
0000
0038
0013
0003
0012
fff6
0003
0029
0034
0001
fff9
004c
002a
fffa
ffc6
0063
0020
002c
ffa4
ffe9
0016
ff84
ffb5
ffe4
001a
ffe9
ffd8
0008
0047
ffed
ffe7
0020
0042
ffdf
0029
ff9c
fff9
0001
ffad
ffd5
ffcc
ffba
fff8
ffe3
003c
ffc8
0027
ff8a
0007
0008
003c
0029
ffd3
ffd7
0043
0015
0037
0056
0022
0025
ffb6
ff83
0005
0026
0033
fff0
001e
0012
ffea
0003
ffc3
0004
ffd8
ffeb
ffe8
fffd
fff5
ffbd
ffeb
0024
ffb0
003e
ffbc
fff1
ffeb
fffb
ffe9
000a
0047
0034
fffb
0038
003f
0037
005a
fff5
ffef
001a
ffd6
0049
000b
fff7
ffb8
ffe5
fffe
0004
0029
ff9f
ffff
0059
0004
0048
0055
ff9e
ffbc
0044
005f
0045
ffca
ffd5
ffc4
002e
0000
003b
0002
0031
ffa8
0027
006f
0023
ffea
0012
fff1
ffed
0044
0029
0043
fff1
ffef
ffe3
ffd0
ffd7
0019
ffe0
fff0
001a
fffb
ffd3
ffe5
0022
0011
0018
001f
ffc2
0015
0000
fff8
0011
002e
0002
0004
ffec
0012
fff2
ffd5
0054
0020
000a
ffb4
ffe5
ffe8
fffd
fff2
ffe1
ffca
0052
002a
fff6
ffd3
000e
ffef
fff5
ffb6
0034
ffd0
ffe7
ffe5
0007
ffd9
ffb1
ffc9
0001
ffc6
002d
000f
0009
001a
ffde
ffff
0026
001b
fff7
0008
0042
0008
ffec
ffd2
0055
0003
0028
ffb9
fff3
000c
ffb4
ffb9
ffc1
0020
ffcf
ffe3
0009
004b
0006
ffe6
0032
0040
ffee
0014
ffaf
ffeb
0003
ffa2
0017
ffc6
ffc1
001d
ffc5
0050
ffb4
0007
ffae
fffe
fff5
004b
0032
ffd4
fff3
0040
001a
004d
0035
0044
fffa
ffae
ff6d
ffed
000c
ffec
0000
001e
000b
0014
0016
ffea
ffec
ffd2
ffdf
ffea
ffe1
000c
ffb7
ffeb
0022
ffb5
0053
ffc4
ffff
ffe1
fffa
fff3
0025
004f
0041
ffd6
003c
004a
0040
004a
0011
fff4
0014
ffd9
0034
000d
ffe9
ffdb
ffef
fff6
ffef
002b
ff9f
001a
005a
0002
0032
002c
ffa2
ffbe
001a
0057
0024
ffd5
ffe3
ffc3
004e
0003
002f
0005
003d
ffaa
0032
007c
0032
ffde
0000
ffff
ffd2
0039
0020
0046
fff9
ffe8
ffd3
ffe5
ffcb
001a
ffce
fffb
0008
0010
ffc9
ffcb
003d
0020
000c
000b
ffe9
001b
000f
fff3
0026
0017
ffff
0000
fff2
0021
ffef
ffdf
0053
002c
0008
ffcc
ffec
fff3
000c
ffeb
ffe0
ffca
0048
0016
fff4
ffc5
0003
ffdf
fff1
ffc0
004b
ffd5
ffe0
0000
0011
ffdd
ffc0
ffc0
0006
ffdf
0048
0012
0009
0013
fff3
ffdd
0038
0034
ffe0
0003
0044
ffd0
ffe2
ffdc
0041
0006
0029
ff8d
ffe2
fff7
ffb5
ffb0
ffee
0035
ffed
ffe4
0009
005c
ffec
ffd8
0032
003f
0002
0011
ff8c
0003
0005
ffc3
0011
ffd2
ffd5
000b
ffe5
0062
ffe3
0004
ffa6
fffc
0026
0041
0038
ffd0
ffca
0049
0023
0035
0051
002c
0016
ffaf
ff72
0011
000f
0013
0014
001c
0013
ffe9
0014
ffe4
fffd
ffc5
ffc4
ffe8
fff5
0016
ff9f
ffd0
001d
ffbc
0040
ffb2
fff3
ffcd
0002
ffdd
0019
006a
002e
fffa
003e
0049
003b
005d
0002
fff5
0022
ffb5
003d
fff9
fff7
ffd8
fff2
001f
001d
0054
ff9e
0010
007c
000f
0036
0047
ff95
ff9f
002f
0084
000d
ffbe
ffe9
ffbb
004a
000a
0050
ffff
0045
ff9f
0010
007d
0033
fff8
001d
fffc
ffd5
003f
001b
0046
ffd9
fffa
fffc
ffce
ffc0
0021
ffda
ffe7
001b
001f
ffba
ffe1
0030
0012
0018
001e
ffaf
0025
0013
ffff
0017
0027
ffe5
000e
0003
0010
ffe8
ffdf
0046
0021
000e
ffa1
ffe0
ffed
0004
ffff
ffe8
ffc9
0065
0020
ffe5
ffaa
0017
fff2
fff7
ffb6
003d
ffc7
ffd8
fff3
0016
ffe4
ffa9
ffe0
0005
ffdc
0000
0000
0000
0000
0000
0000
0000
0000
0000
0000
0000
0000
0000
0000
0000
0000
0000
0000
0000
0000
0000
0000
0000
0000
0000
0000
0000
0000
0000
0000
0000
0000
0000
0000
0000
0000
0000
0000
0000
0000
0000
0000
0000
0000
0000
0000
0000
0000
0000
0000
0000
0000
0000
0000
0000
0000
0000
0000
0000
0000
0000
0000
0000
0000
0000
0000
0000
0000
0000
0000
0000
0000
0000
0000
0000
0000
0000
0000
0000
0000
0000
0000
0000
0000
0000
0000
0000
0000
0000
0000
0000
0000
0000
0000
0000
0000
0000
0000
0000
0000
0000
0000
0000
0000
0000
0000
0000
0000
0000
0000
0000
0000
0000
0000
0000
0000
0000
0000
0000
0000
0000
0000
0000
0000
0000
0000
0000
0000
0000
0000
0000
0000
0000
0000
0000
0000
0000
0000
0000
0000
0000
0000
0000
0000
0000
0000
0000
0000
0000
0000
0000
0000
0000
0000
0000
0000
0000
0000
0000
0000
0000
0000
0000
0000
0000
0000
0000
0000
0000
0000
0000
0000
0000
0000
0000
0000
0000
0000
0000
0000
0000
0000
0000
0000
0000
0000
0000
0000
0000
0000
0000
0000
ffe9
0011
ffbd
002f
0026
0024
ffcd
0027
0005
ffef
003c
0030
0027
0039
ffcb
0043
ffc6
fffd
001f
0065
0078
0009
002d
0013
0030
0001
0042
0054
fff2
ff95
000a
fffe
ffd3
005f
0007
ffba
fffc
ffd4
ff6b
ff92
003a
ffb1
0052
ffd9
ffe7
000d
fff7
0022
0035
fffc
0059
006d
ff92
ffe6
ffbe
fffb
ff9e
ffe8
ffe5
ffea
0003
000b
000c
002d
0019
0010
ffd8
fff5
0015
ffe1
0003
003d
000d
001c
ffb4
ffa1
0029
0005
ffcb
ffc0
001c
001c
003d
0003
ffee
003c
005f
0008
0037
003e
ffbb
0033
ffd9
0016
ffc9
ffc6
0053
004b
000d
0028
0042
000c
ff8e
0014
fffc
0010
ffb5
ffbf
0060
000a
0005
0006
0006
fffb
0031
0018
ffc5
ffdf
ffcb
0046
0008
ffcc
fff5
0002
fffc
ffbc
ffda
ffa9
ffcb
000e
0021
0017
003b
fff6
fff0
fff2
0021
ff9e
0033
ffe8
003b
0022
0015
fff6
fff1
ffaf
fffc
ffda
ffc1
ffa2
001f
ffef
0027
ffeb
001f
ffd2
0052
ffd3
001d
ffaf
ffef
0025
0021
0003
002a
003b
fff8
0011
fffd
002d
0044
fffb
ffee
ffcf
ff84
ffeb
ffc2
0023
fff4
001d
0001
002d
0025
ffe0
fff7
002d
ffd6
0011
000c
fffd
002e
003f
fff7
ffe5
ff98
0033
003c
0040
ffb8
fffc
0006
fff7
002b
0032
0019
001f
ffdb
0031
ffd3
0025
0001
0058
005d
0010
003b
001d
0030
0011
004b
0032
fffb
ff83
fff9
0002
ffd3
0064
000d
ffb1
fff2
ffe5
ff7c
ff9c
0022
ff9f
0053
ffd0
ffd9
0018
ffec
0044
002a
fff3
0045
0037
ff8e
ffec
ffd1
ffe5
ffba
ffef
fff8
ffd5
0006
0024
fffe
001e
0020
fffb
ffe1
ffe4
0018
fff6
0000
0058
0020
0029
ffbc
ff96
003d
000e
ffb6
ffcb
0038
0033
0048
ffe3
ffdf
0028
0061
fffd
002f
002e
ffbb
002d
ffd7
0018
ffd4
ffc1
0085
0045
0000
0025
0041
fff4
ff94
0013
0008
0039
ffbc
ffc8
0057
000c
0005
0020
0023
ffec
003e
001c
ffba
ffe6
ffbd
0045
fff3
ffc0
ffeb
0004
0003
ffc8
ffc6
ffa8
ffd1
000c
0021
fffc
0014
fffb
fff5
ffea
000a
ffa5
0013
ffd3
0050
0021
0023
0001
ffeb
ffc6
fff9
ffe3
ffd6
ff99
001c
0004
0014
fff2
001b
ffd5
0060
ffd5
001b
ffa7
fff6
0001
002d
000d
001f
0034
ffe4
0006
ffe7
003b
0037
fffc
ffed
ffce
ff78
ffe8
ffcb
0047
ffe8
0004
ffec
001c
002a
ffe8
fff9
002e
ffc4
000b
fff7
fff2
001d
0043
ffee
0006
ff81
0032
0026
0026
ffd3
0008
0011
0006
0042
0044
002e
001e
ffd5
003c
ffe2
0012
0024
0047
0075
0013
0035
0010
003e
0001
0030
0042
0018
ff92
ffe5
0018
ffe7
0061
0015
ffb3
fffe
fff6
ff7e
ff88
0036
ffb6
0055
ffd8
ffe2
0004
fff1
002a
0020
0009
0051
0074
ff9e
fff8
ffbf
ffff
ff92
ffdf
ffe3
ffdf
ffe5
0005
fff6
001e
002a
001a
ffd3
ffe3
fff8
0004
ffd1
003b
000a
0018
ffb0
ff96
0038
0002
ffa7
ffc3
0020
0037
003f
0006
ffe0
003f
0052
fffb
003f
002d
ffbe
0030
ffbf
0019
ffc5
ffb0
006a
0051
ffff
0015
0053
ffe6
ff7e
002a
000e
0026
ffb1
ffc9
0059
0028
fff2
0015
ffef
0001
0037
0014
ffbe
ffd2
ffda
004c
fff5
ffc9
ffd1
000d
fffc
ffb6
fff1
ffa3
fff1
fff9
0025
000b
0026
ffd7
ffe6
fff7
000e
ffa1
0018
ffe9
0041
0028
0023
0011
ffd7
ffb3
fff2
ffd0
ffd5
ffa5
000d
000a
0012
ffe8
001f
ffc6
005e
ffd9
0005
ff9a
ffe1
0014
002e
000c
0021
0050
ffeb
0005
ffee
0045
002c
fffd
ffff
ffbe
ff87
ffe5
ffdd
0049
fff8
001b
0005
001f
002e
ffe5
0003
0032
ffbd
002a
fff8
fff4
0034
003c
0000
0000
0000
0000
0000
0000
0000
0000
0000
0000
0000
0000
0000
0000
0000
0000
0000
0000
0000
0000
0000
0000
0000
0000
0000
0000
0000
0000
0000
0000
0000
0000
0000
0000
0000
0000
0000
0000
0000
0000
0000
0000
0000
0000
0000
0000
0000
0000
0000
0000
0000
0000
0000
0000
0000
0000
0000
0000
0000
0000
0000
0000
0000
0000
0000
0000
0000
0000
0000
0000
0000
0000
0000
0000
0000
0000
0000
0000
0000
0000
0000
0000
0000
0000
0000
0000
0000
0000
0000
0000
0000
0000
0000
0000
0000
0000
0000
0000
0000
0000
0000
0000
0000
0000
0000
0000
0000
0000
0000
0000
0000
0000
0000
0000
0000
0000
0000
0000
0000
0000
0000
0000
0000
0000
0000
0000
0000
0000
0000
0000
0000
0000
0000
0000
0000
0000
0000
0000
0000
0000
0000
0000
0000
0000
0000
0000
0000
0000
0000
0000
0000
0000
0000
0000
0000
0000
0000
0000
0000
0000
0000
0000
0000
0000
0000
0000
0000
0000
0000
0000
0000
0000
0000
0000
0000
0000
0000
0000
0000
0000
0000
0000
0000
0000
0000
0000
0000
0000
0000
0000
0000
0000
0038
001c
ff97
0006
0035
ff95
ffc5
ffd5
0047
ffd6
002d
fffe
0077
001c
002b
0038
000a
0007
ffb0
0008
ffdc
ffbe
fffb
fff1
ffb3
ffc4
001c
000e
ffbb
002f
ffb2
ffdf
0043
003a
ffde
ffa8
ffce
0000
001f
006f
0016
0024
0005
0052
0050
ffc6
ffb7
0046
ffc8
ffcb
ffeb
ffb9
fff8
ffe4
0019
0013
ff9f
ffe6
000e
ffce
ffd7
0006
ffee
ffaa
0065
ffa7
ffde
ffbc
fffb
fffe
ff9a
ffd3
000a
ffed
ffcd
fffb
0025
fff6
0044
ff84
0013
ffdb
0056
ff82
0011
ffc3
000e
fff4
fff1
0029
00a5
0037
0016
0001
004e
0038
ffcf
0024
0032
0048
ffdd
0006
0006
002d
fffe
fffc
0003
00ca
000d
fff6
ff98
fff9
ffe7
0022
000b
0039
fff6
0034
ff8f
ffc3
ffeb
ffd2
0068
0035
ff8d
004e
ffda
003f
ff9f
ffc6
ffdd
0007
ffe4
0054
ffbf
fff6
0038
ffef
0016
ffc1
ff80
002f
0069
008a
000b
ffd9
0045
ffff
0047
ffe0
0013
ffa5
002d
0058
005a
0028
005a
ffd1
ffd5
001d
0039
ff93
0014
0021
0004
0012
ff8b
ffd0
ffe6
002d
0018
ffee
ffca
0020
ff6e
0016
0017
ffbe
0026
ffff
ffdf
003c
004e
ffc8
ffb5
0044
001f
001e
fffe
0023
ffc3
0016
0037
0018
ffae
0011
0026
ffa7
ffe5
ffb9
004c
ffde
002e
0004
0072
003d
0032
001c
0008
0008
ffbb
0010
ffde
ffe6
0024
fff8
ffbe
ffdc
002e
fff6
ffd1
0031
ffa3
ffb0
0047
0022
ffdc
ffa6
ffb4
0032
002a
006a
0009
0023
ffed
0049
0042
ffc0
ffba
004e
ffd3
ffc2
ffe6
ffb0
0017
ffd5
0002
0017
ff8d
ffee
fffd
ffcd
ffef
fff8
ffe5
ffac
0057
ff94
0003
ff99
fff9
ffcb
ffb7
ffc4
0051
fff8
ffdd
000c
000c
0010
0035
ff7c
001f
fffe
0062
ff7f
ffcf
ffae
0016
fff2
ffe5
0026
00b1
006e
0002
001a
0054
0046
ffe5
001e
0056
0048
ffde
001f
000f
0025
000f
ffe2
ffdc
00ce
001c
fff7
ff96
0024
ffe1
fffd
000a
0030
fff6
0013
ff94
0005
ffd1
ffb5
0072
fffe
ff91
0036
0005
002b
ffa4
ffb8
ffbc
001e
ffe9
0041
ffbb
ffd3
001e
fffa
0008
ffc6
ff91
000f
0054
008b
ffe4
ffd4
0058
0012
004f
fff0
0016
ff9a
0034
0076
003d
0011
0034
ffcf
ffca
0002
0058
ff9f
0008
0029
0003
0010
ff70
ffe2
ffe6
0022
0008
0001
fff6
002d
ffa6
0028
ffec
ffb5
0002
000c
ffd4
002f
0059
ffe6
ffb2
0045
0019
0021
0015
0014
fff5
003e
0036
0005
ffb8
ffff
0024
ffaa
ffd4
ffc5
005a
ffdc
002f
000d
0050
004c
002a
0041
fffd
ffec
ffc0
0018
fff6
ffbf
0011
ffef
ffa8
ffe1
0023
fff3
ffaf
0036
ffa4
ffb4
0027
001f
fff6
ffa0
ffc0
0028
0034
009b
ffec
003c
0004
004f
0054
ffbf
ffa0
0033
ffd4
ffc8
ffce
ffa5
0004
fffc
0014
0014
ff7b
ffe2
0009
ffd4
fff4
fff2
ffe7
ff99
0056
ff86
ffe1
ffae
fffe
fffa
ff92
ffcd
0041
fff6
ffe6
ffeb
fff3
ffed
0030
ff6e
002b
fff8
0058
ffb3
ffcc
ffb0
001b
0008
0012
0033
00b4
0042
ffed
0018
004e
004c
ffd7
002d
0042
0057
ffd4
000a
0001
0038
ffdd
0006
0016
00b4
fff4
0002
ff96
fffa
ffd3
0021
fffc
0031
fffc
003b
ff8f
ffd3
ffc5
ff9c
0077
0047
ff9d
0034
ffef
001b
ff79
ffb8
ffd9
0013
001c
0068
ffaa
ffe3
0010
ffed
0019
ffb2
ff86
0012
004c
00a7
fff7
ffcf
0053
0039
002d
ffee
0036
ffa6
001c
004f
0061
0021
0034
ffe0
ffc9
fff5
005d
ff83
000f
0010
0017
0018
ff8d
ffde
ffda
0013
000e
fff8
ffdb
0008
ff97
0034
0020
ffba
0046
000e
ffe6
0057
003a
ffd6
ffbf
0040
000d
0021
0004
0009
ffce
0018
0000
0000
0000
0000
0000
0000
0000
0000
0000
0000
0000
0000
0000
0000
0000
0000
0000
0000
0000
0000
0000
0000
0000
0000
0000
0000
0000
0000
0000
0000
0000
0000
0000
0000
0000
0000
0000
0000
0000
0000
0000
0000
0000
0000
0000
0000
0000
0000
0000
0000
0000
0000
0000
0000
0000
0000
0000
0000
0000
0000
0000
0000
0000
0000
0000
0000
0000
0000
0000
0000
0000
0000
0000
0000
0000
0000
0000
0000
0000
0000
0000
0000
0000
0000
0000
0000
0000
0000
0000
0000
0000
0000
0000
0000
0000
0000
0000
0000
0000
0000
0000
0000
0000
0000
0000
0000
0000
0000
0000
0000
0000
0000
0000
0000
0000
0000
0000
0000
0000
0000
0000
0000
0000
0000
0000
0000
0000
0000
0000
0000
0000
0000
0000
0000
0000
0000
0000
0000
0000
0000
0000
0000
0000
0000
0000
0000
0000
0000
0000
0000
0000
0000
0000
0000
0000
0000
0000
0000
0000
0000
0000
0000
0000
0000
0000
0000
0000
0000
0000
0000
0000
0000
0000
0000
0000
0000
0000
0000
0000
0000
0000
0000
0000
0000
0000
0000
0000
0000
0000
0000
0000
0000
0004
ffc1
ffd7
ffe8
ffef
ffd0
0010
ff85
fffd
0003
ffff
000c
ffed
0016
000b
0045
004e
ffd6
000d
005a
fff9
0064
ffed
fffd
ffbf
ffff
ffd6
ffcf
ffb4
0015
001b
0046
fffd
001b
0011
fff5
000a
0002
0029
0035
ffe3
ffe5
003c
ffb5
ffb3
fff0
0019
fff1
0027
006c
ffdc
0028
0026
0003
fffb
fff1
0026
0008
005c
000e
0034
000c
ffb8
fffd
0027
fffd
fff9
ffcb
0025
001e
0019
ffbc
0033
0011
0066
fff2
0017
ff9b
ffe7
fff8
ffd5
001c
001b
fff2
002e
ffae
ffe9
ffcc
fff3
ff83
009c
000d
0000
fff5
002c
0031
ffd9
0001
fff6
0018
0041
fff4
0036
ffeb
0039
0007
0049
ffdf
0048
0022
000f
001b
0004
ffa5
0009
ff77
001d
000d
fff8
ffde
0014
ffcd
ffe8
fff2
0059
0054
002a
0054
ffb9
fff0
ffbc
000b
ffb8
ffa3
ffe2
ffb3
002f
ffd9
ffda
001a
000b
0027
ffb5
0011
0002
ffb9
0015
002f
fff9
0018
ffb7
0001
ffbd
ffcc
ffce
ffbf
002e
0002
ffe4
fff5
005f
0047
0013
0029
ffe4
ffe7
0040
005c
ffe5
001c
fff4
ffd8
0057
0011
0006
003b
002c
ff9f
0003
ffd5
000e
ffef
004c
003b
ffe1
000f
ffd4
0021
0020
0016
0002
0000
fff8
ffbb
ffcf
fff0
ffed
fff2
000c
ff90
ffe8
fff9
0000
fff9
ffdf
0011
0017
0043
004a
ffcc
0029
0051
fff2
006b
ffed
fffc
ffc7
fff8
fff0
ffd0
ffbe
0025
000d
0038
000f
000c
0016
fff5
fffb
0001
002e
0020
ffed
ffeb
002b
ffa7
ffbd
fff0
000a
ffe3
0027
007d
ffdb
0031
0024
001b
ffeb
ffeb
0029
ffff
0064
000b
0033
0023
ffca
ffe3
0033
0011
0000
ffc4
0036
0015
0026
ffb6
0046
000f
005a
ffe5
0013
ffb1
ffe5
ffe7
ffce
0011
0007
fffd
003d
ffaf
ffeb
ffd3
ffee
ff78
00a5
001c
fff4
0018
0027
002a
ffe5
0020
ffed
0005
0038
fff8
003c
ffd3
0050
0008
0051
ffdc
0038
002b
0014
002c
ffe7
ffb7
000e
ff8b
001c
fff5
fff8
fff4
0012
ffc9
ffee
0013
0053
0040
001c
003e
ffb4
ffeb
ffab
0015
ffb0
ff99
ffe6
ffc3
002b
ffe4
ffbf
0015
000c
001a
ffa7
fff7
fff4
ffc2
0018
0027
ffff
0015
ffb2
000c
ffce
ffb7
ffda
ffc1
0027
000a
ffed
fff5
005a
004c
001d
002d
ffe7
ffe9
002f
0067
ffc8
0027
ffe8
ffeb
0069
0015
0024
0023
0036
ff95
0010
ffd8
0013
ffef
0046
0032
ffe7
0015
ffdf
0017
001d
0006
0001
0006
000f
ffbe
ffd5
fff0
ffef
ffe5
000a
ffa1
fff1
fffe
0017
0001
ffdf
0003
0000
0047
004b
ffd5
0024
0055
0009
005e
ffe8
fffe
ffb8
0001
ffe0
ffc8
ffaf
0019
0016
003c
000b
001f
0008
ffee
0011
ffef
0038
0031
ffdb
ffe6
0033
ffb2
ffbc
fff9
fff8
ffea
001d
0082
ffdb
0030
0014
fffe
0000
fff4
0024
fffb
0060
fff8
0038
0025
ffc1
fff0
0036
0009
fff1
ffd7
003b
002a
0017
ffc3
0032
0010
004e
fff1
0017
ffa7
ffd9
ffd4
ffd6
001a
000a
fffc
002d
ffbe
fffc
ffe0
ffe8
ff90
008f
000a
ffff
0021
002b
0028
ffdc
0009
ffec
000c
0048
ffe6
002d
ffe2
0047
ffef
0040
ffef
0040
002e
000f
0013
fffa
ffbb
001e
ff85
0027
0003
fff3
fff6
0018
ffc6
ffdb
fff4
0047
0045
0019
0040
ffbc
ffd9
ffb9
fffe
ffb6
ffa8
ffdd
ffca
0028
ffe3
ffbd
0016
001e
000b
ffb4
0007
000a
ffc9
0024
0019
0000
0028
ffcc
0000
ffd1
ffb8
ffde
ffc3
0022
0008
ffed
fff8
0053
0020
001f
001f
ffeb
ffe7
0042
005f
ffe9
001a
ffe3
ffe2
004c
0015
0004
0026
002a
ff91
0014
ffda
001f
ffef
0044
002b
ffe7
0011
ffcb
0019
0015
0013
0003
0017
0000
0000
0000
0000
0000
0000
0000
0000
0000
0000
0000
0000
0000
0000
0000
0000
0000
0000
0000
0000
0000
0000
0000
0000
0000
0000
0000
0000
0000
0000
0000
0000
0000
0000
0000
0000
0000
0000
0000
0000
0000
0000
0000
0000
0000
0000
0000
0000
0000
0000
0000
0000
0000
0000
0000
0000
0000
0000
0000
0000
0000
0000
0000
0000
0000
0000
0000
0000
0000
0000
0000
0000
0000
0000
0000
0000
0000
0000
0000
0000
0000
0000
0000
0000
0000
0000
0000
0000
0000
0000
0000
0000
0000
0000
0000
0000
0000
0000
0000
0000
0000
0000
0000
0000
0000
0000
0000
0000
0000
0000
0000
0000
0000
0000
0000
0000
0000
0000
0000
0000
0000
0000
0000
0000
0000
0000
0000
0000
0000
0000
0000
0000
0000
0000
0000
0000
0000
0000
0000
0000
0000
0000
0000
0000
0000
0000
0000
0000
0000
0000
0000
0000
0000
0000
0000
0000
0000
0000
0000
0000
0000
0000
0000
0000
0000
0000
0000
0000
0000
0000
0000
0000
0000
0000
0000
0000
0000
0000
0000
0000
0000
0000
0000
0000
0000
0000
0000
0000
0000
0000
0000
0000
00a4
0026
0009
0008
fff6
ffd2
fff2
0021
0022
0021
0033
0012
ffc6
0050
fffa
0020
0026
0012
ffd9
0051
ff9f
ffad
0022
ffed
0038
ffd9
fffe
0064
002b
000d
ffe7
0013
ffd3
0020
fff0
0004
ff68
ff93
ffe8
0028
0027
ffbe
0047
fff8
0014
ffb8
ff9a
0026
ffe1
ffa8
0006
0049
ff98
ffe1
ffee
0053
ffdf
000a
0026
001a
001a
0034
0005
ff79
001e
000c
ffd6
0018
ff6f
ffaa
001f
fffb
002c
0055
0015
0003
fff7
0040
0049
0036
0034
001e
fff7
fff7
fff8
001d
ffce
0006
ff91
ffec
ffeb
ffd0
006f
ffbc
0023
ffdb
ffea
0014
0000
ffa6
001e
000b
0048
ff9a
0026
ffed
0015
ffd8
ffed
fff8
0029
000c
ff7d
003f
0013
0010
003f
0048
0040
ffdf
ffe3
ffef
fffe
ffe0
0022
fff1
003b
0058
003a
0003
0000
fffe
0066
0024
fff6
ffc1
004a
fff1
ff8c
003a
ff65
ffb4
0005
ffa3
ffd2
fff8
0001
fffb
0013
0061
ffef
0013
ffe6
fffd
ffd3
007e
ffba
0013
0000
000f
ffe3
fff6
0008
ffc9
ffee
0033
ff56
ffb5
0052
0046
00bc
0009
ffc5
ffc9
ffe0
ffd8
ffc1
0007
ffc1
ffd9
004a
ffdf
0015
ffff
001a
ffd3
ffb7
ff8e
ffde
ff82
ffa4
0039
0091
0034
0012
0012
ffe5
ffe9
ffee
0028
0030
0012
001f
0016
ffdd
0058
ffe6
0019
0010
001f
ffef
0060
ff9e
ffbb
001d
fff7
003e
ffec
000e
0071
002f
0004
ffeb
001d
ffd0
0015
ffe5
fff2
ff74
ff9f
ffee
0025
0027
ffd5
0056
fff2
001f
ffaa
ffaa
0026
ffcc
ffc0
ffea
0053
ffa5
ffc7
fffa
0068
ffdf
001f
0009
0015
0016
0031
0003
ff68
0023
000d
ffd3
0020
ff71
ffb6
001c
fffb
0023
006a
0006
000c
0001
0047
0052
0042
0037
0020
ffd4
fff9
fff9
0019
ffce
fffe
ff91
ffe9
fff7
ffd7
0061
ffc1
001d
ffee
ffeb
000a
fffa
ffc8
002d
0010
003f
ffbc
0032
ffd8
0014
ffdc
ffea
fff8
000d
0015
ff77
0046
001e
000b
003f
002f
0046
ffe4
fff4
fff6
ffe7
ffda
0011
fff7
0030
003c
0019
0002
0020
0002
0048
0030
fff0
ffa5
0047
ffe6
ff94
002f
ff6d
ff94
0001
ffc3
ffbf
fff4
0007
0001
0023
0064
ffec
000d
ffeb
ffe6
ffd2
007f
ffd8
0003
0003
0027
ffe2
fff1
fff8
ffc7
ffe3
0039
ff61
ffb0
0062
0043
00cf
ffe3
ffbd
ffcd
fffa
ffdb
ffcd
0014
ffb0
ffdd
0059
ffda
fffd
000a
0047
ffec
ffcb
ff9d
ffe0
ff8e
ffae
0037
009c
0026
0017
fffb
ffeb
ffe9
0000
001a
002a
001d
0024
002c
ffdd
0045
fff8
0016
0021
ffff
fff7
0053
ff92
ffce
001b
ffe7
004b
ffe8
0007
006f
0033
0002
ffe2
0018
ffd8
0017
ffec
ffed
ff88
ff9e
ffe4
001f
0013
ffdb
004b
ffee
0015
ffb4
ffab
0021
ffc7
ffbb
fffd
0054
ffa3
ffd3
ffd5
0046
ffec
0011
001b
0014
0009
0037
001e
ff7c
0023
fff7
ffcf
0026
ff82
ffb1
002b
0010
0029
005f
fffb
0009
fff1
005a
0049
0040
001e
0018
ffe8
000c
fffb
002a
ffc2
fff9
ff94
ffe8
ffeb
ffdc
0065
ffc0
001f
ffe8
ffd8
000a
ffea
ffba
0025
0011
0045
ffb9
0026
ffe6
0015
ffc8
fff1
fff8
000e
fffe
ff7a
0051
000e
0017
0026
003b
003a
ffe3
ffef
0003
000e
ffd8
0007
fff3
0026
006b
0028
000e
0001
fff9
0054
001a
ffef
ffa8
0049
0002
ff95
003c
ff93
ffa6
0024
ffc9
ffbf
0009
fffe
0009
001c
005d
0013
0019
ffe5
fff4
ffe5
0079
ffc0
ffeb
fffd
000f
ffdf
fff5
fff1
fff6
0001
0039
ff62
ffb2
0060
0040
00be
ffe0
ffb4
ffa9
0000
ffeb
ffc7
000f
ffa1
ffe2
004b
ffda
000d
ffe2
002d
ffe3
ffb2
ffa4
ffec
ff95
ffa3
004e
0000
0000
0000
0000
0000
0000
0000
0000
0000
0000
0000
0000
0000
0000
0000
0000
0000
0000
0000
0000
0000
0000
0000
0000
0000
0000
0000
0000
0000
0000
0000
0000
0000
0000
0000
0000
0000
0000
0000
0000
0000
0000
0000
0000
0000
0000
0000
0000
0000
0000
0000
0000
0000
0000
0000
0000
0000
0000
0000
0000
0000
0000
0000
0000
0000
0000
0000
0000
0000
0000
0000
0000
0000
0000
0000
0000
0000
0000
0000
0000
0000
0000
0000
0000
0000
0000
0000
0000
0000
0000
0000
0000
0000
0000
0000
0000
0000
0000
0000
0000
0000
0000
0000
0000
0000
0000
0000
0000
0000
0000
0000
0000
0000
0000
0000
0000
0000
0000
0000
0000
0000
0000
0000
0000
0000
0000
0000
0000
0000
0000
0000
0000
0000
0000
0000
0000
0000
0000
0000
0000
0000
0000
0000
0000
0000
0000
0000
0000
0000
0000
0000
0000
0000
0000
0000
0000
0000
0000
0000
0000
0000
0000
0000
0000
0000
0000
0000
0000
0000
0000
0000
0000
0000
0000
0000
0000
0000
0000
0000
0000
0000
0000
0000
0000
0000
0000
0000
0000
0000
0000
0000
0000
ffe6
ffb0
ffdf
00b2
ffcd
002a
ffc0
ffdf
0004
0024
002f
ffa0
005a
ffe1
000a
001e
0017
fff9
0006
ffe1
0071
ffef
0054
fff5
fff8
ffbd
ffb9
0020
004d
ffba
008c
ffeb
ffc8
000d
0015
fffe
ffd2
fffc
fff0
0055
0074
0035
ffb7
0015
0019
0049
0017
fffe
ffe7
ffe3
ffbd
0025
0015
ffcc
ffda
0036
000c
ffc9
001c
ffc3
ffd0
ffb1
001f
ffd7
fffe
ffee
ffbf
ffb2
007a
0006
ffda
ff89
ffe3
001a
0020
ffb1
0013
002d
fffb
ffcc
001d
ffd0
ffdd
0013
ffcb
0002
ffeb
fffe
ff76
0020
0000
0045
ffcb
0022
fff1
0049
ffa8
ffac
003e
004d
ffc0
ffa7
ffeb
ffe8
0012
0026
002a
0011
0042
0031
004c
0046
ffd6
0085
fff2
0022
00b5
ffb4
0056
0042
ffae
ffac
fff4
ff89
000d
000d
003b
0001
ffd2
0025
ffb2
ffe8
ffb1
ff83
ffd8
0007
0002
ffc7
002d
ffdc
003f
005b
ffa2
0032
fff0
0019
0025
ffbc
0049
0040
000e
ff6f
ffcf
fffc
ffc4
ffc7
ffaa
ff93
fff0
fff3
001b
0015
0000
0020
001e
ffba
fffb
ffe9
ffd0
003f
fff8
0030
0048
005c
ffa9
ffca
ffdd
0009
ffd9
fff2
ffb7
ffd1
001c
0014
ffdf
ffdd
ffe6
0043
ffcb
0028
007c
ffab
ffec
ffa7
ffeb
0092
ffe0
0028
ffd7
fff7
fff9
001b
0040
ff9c
005a
ffe7
fff5
001c
002f
ffed
fffd
ffe3
0067
ffe6
0053
0009
ffe0
ffb5
ffaf
0005
004d
ffb1
0077
ffef
ffc5
0008
0018
ffed
ffdb
0009
0002
0046
006a
0048
ffac
0014
002e
0059
001f
0007
0006
ffe8
ffd1
0027
002b
ffcf
ffce
0030
0003
ffe1
0020
ffe1
ffdb
ffb1
000c
fff1
0001
ffdf
ffb3
ffb6
008d
fff1
ffd9
ff92
fff9
0020
001d
ffbb
0010
003b
ffec
ffc9
0041
ffcf
0000
001a
ffc8
0007
fffb
ffe8
ff62
0029
0003
0056
ffc7
000c
ffcd
0041
ffa5
ffbe
0042
002d
ffb8
ff96
ffe1
ffdf
0005
0021
000e
001f
0026
003a
004a
004f
ffdd
007a
0001
002b
00a2
ffd1
0054
0041
ffb1
ffb7
000a
ffae
fffa
001c
0043
fff2
ffd2
0030
ffc3
ffce
ffc0
ff94
ffd2
0012
000a
ffd6
0028
ffcd
0036
0022
ffa3
0022
fff2
fffd
004a
ffc4
004a
002e
001b
ff80
ffc8
ffea
ffd9
fff8
ff93
ff8b
ffe2
ffe1
0004
0013
0016
0025
001c
ffc0
fffb
0000
ffbd
0021
ffd6
002a
0050
0058
ff9d
ffd7
ffdf
0003
ffde
0007
ffbb
ffbf
0036
001e
ffdb
fffd
fffe
0027
ffb9
0025
0067
ffc2
ffe0
ffb5
fff0
00ad
ffd3
002b
ffcd
fffb
0001
0025
0042
ff92
005b
ffec
0008
0015
0029
ffed
000e
ffef
0065
ffd9
0062
ffee
ffe6
ff9d
ffb8
000f
005c
ff9d
0082
ffec
ffc4
0009
0012
fff8
ffef
0000
fff9
004e
0082
002e
ffb8
001b
000c
0052
000c
fff9
ffdb
ffda
ffd9
0024
0027
ffb7
ffdb
0033
0012
ffcf
000f
ffc4
ffea
ffb9
000e
ffe6
0025
0005
ffb6
ffb4
007f
ffdd
ffc7
ffa2
ffda
001f
0030
ffb0
0009
0032
ffef
ffda
0022
ffcb
0001
001c
ffcf
ffec
000d
fff0
ff70
001e
fffd
0054
ffc7
000e
ffdb
0043
ff94
ffc6
0049
002c
ffbf
ff8c
ffca
ffee
0010
0022
0013
000f
002f
0042
001e
0045
ffda
009e
0001
001d
00c0
ffb9
004b
0035
ff9c
ffa3
0013
ff88
fffa
0001
0033
fff9
ffeb
003c
ffb0
ffdc
ffb1
ff92
ffdb
0007
0001
ffd0
0041
ffef
003b
0023
ff99
0021
ffe1
0017
0052
ffc8
005a
0021
000e
ff64
ffd8
fff3
fff1
fffa
ff98
ffb5
ffca
ffff
000d
0004
0007
0032
0015
ffd8
ffe5
fff8
ffcc
002d
ffe7
002a
005b
0040
ffb1
fff7
ffed
0002
ffee
0007
ffb6
ffc3
001f
0004
fffd
ffe2
0008
0034
ffc8
0017
0087
ffb0
0000
0000
0000
0000
0000
0000
0000
0000
0000
0000
0000
0000
0000
0000
0000
0000
0000
0000
0000
0000
0000
0000
0000
0000
0000
0000
0000
0000
0000
0000
0000
0000
0000
0000
0000
0000
0000
0000
0000
0000
0000
0000
0000
0000
0000
0000
0000
0000
0000
0000
0000
0000
0000
0000
0000
0000
0000
0000
0000
0000
0000
0000
0000
0000
0000
0000
0000
0000
0000
0000
0000
0000
0000
0000
0000
0000
0000
0000
0000
0000
0000
0000
0000
0000
0000
0000
0000
0000
0000
0000
0000
0000
0000
0000
0000
0000
0000
0000
0000
0000
0000
0000
0000
0000
0000
0000
0000
0000
0000
0000
0000
0000
0000
0000
0000
0000
0000
0000
0000
0000
0000
0000
0000
0000
0000
0000
0000
0000
0000
0000
0000
0000
0000
0000
0000
0000
0000
0000
0000
0000
0000
0000
0000
0000
0000
0000
0000
0000
0000
0000
0000
0000
0000
0000
0000
0000
0000
0000
0000
0000
0000
0000
0000
0000
0000
0000
0000
0000
0000
0000
0000
0000
0000
0000
0000
0000
0000
0000
0000
0000
0000
0000
0000
0000
0000
0000
0000
0000
0000
0000
0000
0000
001c
ff75
fff1
ffdf
0059
0099
ffd3
ffca
0027
ffe0
0015
0047
003b
ffdf
002e
ff5d
004c
0039
ff7c
005d
005a
0079
000c
ffe4
0061
ff65
ffd2
ff91
002e
0079
0031
ffd7
fffa
0025
ffca
ffe2
003d
0068
002f
ffc2
fff0
ff86
ffc0
0018
004d
ff80
ffd4
ffc8
000c
0017
001b
0052
ffcd
ffed
fffd
ffc3
003a
ffaf
0048
ff96
fff3
002b
ffc9
0061
0031
ff9d
005f
001a
ff8d
0032
0004
ff9c
fffe
ffef
0011
ffa4
0041
ff7b
0004
0038
ffe6
ffa2
0024
ffbc
004f
0022
ff9b
ff92
0019
0014
002b
ffc4
001f
0002
ff9c
ffb8
ffa3
0033
007d
ffcd
0001
0029
ff66
fffd
0040
0011
0025
0030
ff8f
0034
fff4
ff3c
0034
ff56
0011
0009
0014
006d
002e
ffdf
001d
001e
ff7c
001e
0097
0020
0033
00d1
0002
000b
005f
ffaa
0012
ffc4
ffdb
ffff
ff67
ffe5
002b
ffff
000d
0000
ffd1
0001
0041
0044
fff0
0006
fff0
0074
ff91
0034
006c
0001
fff5
0018
0028
004c
0080
ffe4
fff0
000b
ffe2
ffdc
0038
003a
003d
fffc
ffd4
0048
ffb2
0096
ff55
0005
004e
ffdb
ffa5
ffff
ffc8
003b
005e
0076
ffaa
fff7
0083
fff7
0004
0003
ff83
00d0
0009
ffda
0000
ff82
ffea
ffde
006c
0086
ffd0
ffcd
002a
ffef
001c
0036
004b
ffe7
0022
ff66
004c
0036
ff90
0064
0062
0092
0010
ffdd
0048
ff70
ffbc
ffa7
0034
0071
0024
ffcf
001a
004a
ffdf
ffd5
0047
0058
002a
fff3
ffe6
ffa1
ffa8
0029
006c
ffa1
ffa5
ffd7
fffe
000c
0016
004d
ffc9
000d
ffda
ffc1
0026
ffce
0050
ffb3
0000
0030
ffe7
0059
004c
ff8b
0084
fffe
ff7a
0035
0026
ffcc
000d
ffe7
000b
ffaf
004e
ff89
fffb
003c
fff6
ffec
0032
ffb1
0035
0014
ff8a
ff91
0007
fffd
0021
ffed
0037
001b
ff86
ffb4
ff9e
0043
0072
ffef
000e
002f
ff6e
0029
0044
0018
0039
0033
ff93
0036
ffe5
ff41
0021
ff7f
0001
000c
001b
0053
002b
ffb8
002b
001c
ff8f
0026
0096
002c
001e
00c6
ffe7
ffed
007a
ff9e
0013
ffb4
ffc4
000c
ff73
ffea
fff9
fffb
0013
ffee
ffbf
fffa
0040
0043
ffd5
ffdb
ffe5
0065
ffa6
0023
007d
ffff
fff2
0012
000e
003f
0085
0000
ffe6
001f
ffe8
ffe0
003f
0040
002e
fff5
ffe5
0068
ffcc
0071
ff49
0000
0052
fffa
ffc7
fff0
ffd6
0038
0053
006b
ff9e
fff1
0089
000d
fffe
fff7
ff8f
00d7
fffb
ffeb
001f
ff95
0001
ffdd
005c
007e
ffbb
ffbf
001c
ffdc
0006
0059
0030
ffec
002e
ff75
0047
002e
ff85
005a
0049
009e
0010
ffd4
0050
ff61
ffb6
ffbc
0036
0069
002e
ffe6
0006
0029
ffb5
fffb
0055
004e
0053
ffcc
0003
ff8a
ffa5
003d
007f
ff8f
ffa9
ffba
000e
0005
001d
0055
ffaf
ffeb
ffde
ffc8
002a
ffb0
003b
ff8a
ffff
0034
ffec
0079
0033
ff83
008b
fffd
ff8b
0034
0018
ffbb
fff9
ffc9
fffb
ff9b
0053
ff93
fff9
002c
ffe9
ffc9
001f
ffa0
0044
0025
ffb6
ff9d
000a
ffe1
002b
ffec
0023
0006
ff9b
ffb5
ff8c
0015
0079
ffed
fff3
0020
ff93
0024
003f
0028
002a
003a
ff89
0039
ffe4
ff58
0032
ff69
0031
000e
fffe
0073
0010
ffbf
002f
0022
ff85
002b
0090
0014
0036
00d5
000b
fff2
0073
ffc4
0003
ffe1
ffd1
0018
ff72
ffea
0018
ffd5
0007
fffd
ffd5
000f
004c
003b
ffcf
fff2
fff2
008f
ff84
0032
0084
fff7
fff2
0016
0020
0033
0064
ffe1
ffd3
001e
ffed
fff0
0034
003a
0031
0015
ffe1
0062
ffad
0090
ff4e
fff9
006f
ffea
ffb2
000a
ffd4
003d
0047
006c
ffa6
ffe4
007a
001d
0007
fffd
ff8e
00e0
fffa
ffe4
0000
0000
0000
0000
0000
0000
0000
0000
0000
0000
0000
0000
0000
0000
0000
0000
0000
0000
0000
0000
0000
0000
0000
0000
0000
0000
0000
0000
0000
0000
0000
0000
0000
0000
0000
0000
0000
0000
0000
0000
0000
0000
0000
0000
0000
0000
0000
0000
0000
0000
0000
0000
0000
0000
0000
0000
0000
0000
0000
0000
0000
0000
0000
0000
0000
0000
0000
0000
0000
0000
0000
0000
0000
0000
0000
0000
0000
0000
0000
0000
0000
0000
0000
0000
0000
0000
0000
0000
0000
0000
0000
0000
0000
0000
0000
0000
0000
0000
0000
0000
0000
0000
0000
0000
0000
0000
0000
0000
0000
0000
0000
0000
0000
0000
0000
0000
0000
0000
0000
0000
0000
0000
0000
0000
0000
0000
0000
0000
0000
0000
0000
0000
0000
0000
0000
0000
0000
0000
0000
0000
0000
0000
0000
0000
0000
0000
0000
0000
0000
0000
0000
0000
0000
0000
0000
0000
0000
0000
0000
0000
0000
0000
0000
0000
0000
0000
0000
0000
0000
0000
0000
0000
0000
0000
0000
0000
0000
0000
0000
0000
0000
0000
0000
0000
0000
0000
0000
0000
0000
0000
0000
0000
0066
001e
ffe0
005a
0040
00ba
ffae
ffd8
0023
00a5
002a
004a
ffa7
ffeb
0052
0058
ff9f
0001
ffc2
0052
0062
000a
0036
ffbf
ff8b
ffd5
0005
004c
ffcb
ffd9
ffb3
ffc6
0015
0037
fff4
0043
003d
ffef
ffee
0017
0026
004d
ffe7
000e
ffb2
ff97
ffae
0023
ffb9
0033
003c
ff98
0024
ff5c
002c
0029
ffd4
ffce
0048
ffbb
0008
ff79
ffaf
0023
004d
ffcd
ff9c
0092
000d
002f
ffdc
ffb4
ffc1
ffd8
009a
0030
ffb4
ff54
ffbf
ffd1
0052
005f
007b
ffde
fff4
ffb3
0069
0003
ffdc
ffe0
fff8
0046
ffdf
ffb5
001c
0043
ffe1
ffb7
fff9
0007
ffdf
ffc8
ffec
ffe8
ffca
0089
ffbc
ffb8
fff5
0025
ff82
ffaf
0026
ff92
ff75
ff80
ffdc
ffc4
ffb4
ff7b
006b
0001
ff98
0061
ffe3
005a
0086
003c
ffe7
ffc6
ffeb
0030
0015
0021
0001
ffe0
001f
ffae
0024
ffc8
00aa
0048
0027
ffbf
ffaa
001e
0001
001c
ffd8
003e
fffb
fff5
001e
ff9b
ffd2
0013
004e
fff4
ffbe
ffe1
ffad
fff4
0014
ffd2
ffdc
ffb8
0030
0035
ffe4
ffdd
ffb5
0010
ffe4
0014
ffdf
007d
007c
002b
0002
ffc7
0029
0044
0070
0031
fff1
0047
ffec
0009
ffe6
0018
0020
0016
0063
0016
ffd6
0077
0038
00ac
ffc8
0001
0021
007c
002f
0058
ff9e
ffed
0074
0059
ff8a
fff3
ffe0
0067
0050
ffea
0044
ffb1
ff80
ffde
000d
0049
ffc7
ffea
ffb3
ffe6
000e
0016
ffe1
0024
001c
ffe6
ffe6
fff0
003d
0045
0002
0021
ffa0
ff7a
ffb3
001b
ffba
001c
0048
ffae
000e
ff4e
0032
0011
ffd1
ffbd
0023
ffd2
fffc
ff77
ffab
0038
0044
ffdf
ff9e
0090
0008
0010
ffce
ffaf
ffcc
ffb2
0089
000f
ffbf
ff5b
ffb2
ffaa
0043
006b
0074
ffd2
fff0
ff9f
007f
fff8
ffe4
ffd3
ffe1
001e
ffef
ffc2
0017
005f
ffdc
ffb9
0004
000e
ffee
ffb2
ffea
ffd9
ffeb
0086
ffa5
ffb5
0000
0014
ff84
ffbf
0027
ffa7
ff9e
ff80
ffdd
ffe1
ffca
ff8e
0065
fff4
ff80
0045
fff6
004a
008c
004d
ffe2
ffcf
ffe8
002c
000b
0026
ffe8
ffe8
000d
ffba
001a
ffbc
00b6
0041
002d
ffc8
ffb3
0012
0014
0017
ffe8
0039
ffe9
0015
0012
ffa7
ffc5
ffee
0048
fffe
ffb1
ffd5
ffb1
0004
0029
ffc0
ffd8
ffb8
0035
0032
ffbb
0002
ffb2
0003
ffed
0019
ffdb
006a
0087
002e
0012
ffb1
0018
0042
0096
0033
ffef
003b
ffd9
fffb
0000
0020
0030
0010
0077
0035
ffe5
005b
0057
009a
ffa9
ffd2
0006
00a6
002d
002c
ffbf
ffd6
0071
006f
ff9d
ffda
ffdd
004b
0053
fff1
0054
ffc2
ffa2
ffe7
0005
006a
ffc9
fff2
ffba
ffc8
0011
0027
ffe1
003e
0029
ffdc
ffcf
0027
0031
0061
fff3
0019
ffbc
ffab
ffc0
0027
ffbf
0016
0050
ff9c
fffe
ff5b
0022
0026
ffe8
ffa4
000b
ffbf
fff0
ff91
ffb4
0029
0041
ffe8
ff97
009d
000d
0010
ffd5
ffb9
ffbc
ffb9
0090
002d
ffa6
ff61
ffb1
ffc0
0040
0072
0071
ffcf
ffe9
ffc6
006b
0002
ffd5
ffc7
ffe7
0021
0002
ffad
001d
005f
ffe1
ffc4
fffb
0005
ffd8
ffca
fffb
ffcf
ffdc
0081
ffae
ffa8
fff0
0003
ff9d
ff96
0023
ff9b
ff96
ff7b
ffd8
fffe
ffcb
ff70
0087
0007
ff82
0063
ffec
005c
0089
005e
ffe4
ffbd
ffee
003e
0031
0028
0006
ffd2
0020
ffbe
0028
ffce
00b6
0036
000f
ffdd
ff9f
0008
000c
0024
ffda
0037
fff5
0006
001a
ff8a
ffc4
ffea
005a
fff4
ffb2
ffd9
ffa2
ffe7
0004
ffd5
ffd0
ffb3
003f
0030
ffc9
ffe1
ffcb
fff4
ffeb
fffe
ffe6
0077
0078
0023
0007
ffd9
0013
0036
007d
0048
ffed
0039
ffd3
0018
fff1
0017
0023
001e
0000
0000
0000
0000
0000
0000
0000
0000
0000
0000
0000
0000
0000
0000
0000
0000
0000
0000
0000
0000
0000
0000
0000
0000
0000
0000
0000
0000
0000
0000
0000
0000
0000
0000
0000
0000
0000
0000
0000
0000
0000
0000
0000
0000
0000
0000
0000
0000
0000
0000
0000
0000
0000
0000
0000
0000
0000
0000
0000
0000
0000
0000
0000
0000
0000
0000
0000
0000
0000
0000
0000
0000
0000
0000
0000
0000
0000
0000
0000
0000
0000
0000
0000
0000
0000
0000
0000
0000
0000
0000
0000
0000
0000
0000
0000
0000
0000
0000
0000
0000
0000
0000
0000
0000
0000
0000
0000
0000
0000
0000
0000
0000
0000
0000
0000
0000
0000
0000
0000
0000
0000
0000
0000
0000
0000
0000
0000
0000
0000
0000
0000
0000
0000
0000
0000
0000
0000
0000
0000
0000
0000
0000
0000
0000
0000
0000
0000
0000
0000
0000
0000
0000
0000
0000
0000
0000
0000
0000
0000
0000
0000
0000
0000
0000
0000
0000
0000
0000
0000
0000
0000
0000
0000
0000
0000
0000
0000
0000
0000
0000
0000
0000
0000
0000
0000
0000
0000
0000
0000
0000
0000
0000
ff9f
0083
ffcb
002f
fff2
0030
0064
0002
000e
ff7f
fff9
001f
fff5
ffcf
ffce
ffd5
0034
ffa9
0011
ffd2
000c
002b
00b7
0087
ffdf
ffe0
00a4
0001
fff3
0050
ffde
fff3
0061
ffed
000f
0012
fff8
ff55
0025
001f
ffe3
0005
ffc2
ffee
ffc2
ffcd
ffaa
ffd0
004a
ffdd
ff8c
0091
0023
ffe8
ffdc
ffc9
ffbc
ffa8
0016
ffdd
ffd0
ffdf
ffd6
fffb
0013
009c
0026
ffe8
ff9f
00be
0031
ffeb
0050
ffe4
ffce
0009
0033
ffb7
ffe1
0033
0008
ffa6
001a
ffa1
ffe2
ffeb
004a
ffe3
006e
ffb7
ffe2
0019
ff3d
ffae
0011
0044
ffff
0064
001e
ffd6
fffe
0008
fff1
fff6
ffe6
0036
003e
0038
0052
0034
ff91
ffe1
ffe5
002a
0041
ffec
ffbb
007b
ffed
ffae
0004
0050
006f
0034
ffa3
ffc0
0037
ff7f
000c
ffda
0036
ffc6
005f
0017
ffa1
ff88
002f
0041
fffb
ffb2
0039
0065
ff7c
ffe8
0074
ffea
002b
002e
0019
ffc5
002f
0057
ffba
fff9
0069
000b
ffcb
0038
fff7
0077
0020
fffa
fff6
ff5c
ffb7
ffde
005d
003f
ffbf
ffae
ffc6
0006
ffcf
0015
001d
0004
fff7
0043
ffd2
0008
000c
ffe1
0008
0012
ffb6
ffc2
004c
007b
0026
0048
005d
0056
ffb3
0077
ff98
0041
ffe9
0031
0060
fffc
001b
ff6f
0006
003e
ffe3
ffde
ffea
ffdf
0037
ffa9
001e
fff2
fffe
0023
00a6
006c
ffd2
fff1
009e
000d
fff5
005e
ffda
0016
0061
ffef
000f
0017
fffe
ff40
0038
001b
fff7
fff4
ffda
ffed
ffab
ffb9
ffa6
ffda
0048
ffe4
ff83
009d
001c
ffe5
ffce
ffaf
ffcb
ff96
0007
ffea
ffd0
ffd7
ffe5
0002
001a
0081
0027
ffe1
ff74
00c0
001d
fff3
003f
ffee
ffc3
0006
0056
ffc6
fffd
0032
000b
ffc9
0016
ffb9
ffd5
fff2
0059
ffdc
008c
ffc3
ffe7
001e
ff44
ffbf
0014
0045
fffa
0062
001b
fff0
fffb
0025
ffe4
fffa
ffe8
0046
0038
0022
0042
002e
ff90
ffed
0001
0002
001c
ffef
ffa5
0076
fffc
ffa6
0010
0046
0064
fffe
ffb8
ffbb
0041
ff8d
000e
ffd6
003e
ffbf
0057
0022
ff9f
ff92
0022
0052
ffe3
ffb0
0051
005f
ff81
ffe2
007d
0015
0037
001b
0013
ffaf
0028
0066
ffb7
000c
0067
0008
ffbf
0039
ffff
0086
002a
fff9
fff6
ff65
ffa4
000c
0070
003e
ffd1
ffb6
ffb6
0005
ffd1
002b
0014
000a
fff2
0038
ffd1
fff6
000e
ffd7
0003
001f
ffc8
ffb1
004a
0078
003e
004d
005f
0047
ff9f
0068
ffb4
0013
ffe6
001f
0058
ffea
0023
ff65
fff3
0030
fff6
ffd8
fff3
ffdd
002f
ffbd
0005
ffe5
0007
002b
00a1
0065
ffe3
ffe7
008c
0019
fff7
003e
ffc9
0011
007b
ffec
0011
fffd
ffe9
ff73
002f
0022
fff3
000b
ffde
000a
ffaa
ffc7
ffaa
ffd8
0053
ffef
ff82
00a4
001e
ffea
ffda
ffbb
ffa5
ff8a
0008
ffe3
ffc1
ffe0
ffc0
0002
0009
00a0
0029
ffcb
ff9a
00c6
0023
ffef
005c
ffda
ffc4
0002
003e
ffa7
fff5
0034
0008
ffaf
0028
ffc0
ffe1
fff8
005a
ffc9
006e
ffbd
ffe3
001c
ff49
ffc6
0011
0034
fff7
0051
0020
ffe7
fffd
0015
ffe2
0009
ffee
0049
0030
002b
0061
003b
ffa6
ffdf
fff8
0009
001e
ffef
ff99
0077
ffea
ff96
fffe
0053
0059
0007
ffa1
ffc0
0033
ff98
0016
ffd9
0045
ffd3
0055
0010
ffa4
ff90
002e
0049
ffda
ffb4
003f
0071
ff8a
ffd8
006d
0004
0033
001c
0015
ffb4
0037
005c
ffc5
001e
0055
0001
ffca
0039
ffff
005e
001c
000a
fff1
ff63
ffb0
ffed
0069
004a
ffb9
ffac
ffb7
0011
ffc1
0021
0020
fffe
fff3
0042
ffd6
fffb
0005
ffeb
0019
0021
ffc1
ffc4
0047
0070
003d
0036
005f
0047
0000
0000
0000
0000
0000
0000
0000
0000
0000
0000
0000
0000
0000
0000
0000
0000
0000
0000
0000
0000
0000
0000
0000
0000
0000
0000
0000
0000
0000
0000
0000
0000
0000
0000
0000
0000
0000
0000
0000
0000
0000
0000
0000
0000
0000
0000
0000
0000
0000
0000
0000
0000
0000
0000
0000
0000
0000
0000
0000
0000
0000
0000
0000
0000
0000
0000
0000
0000
0000
0000
0000
0000
0000
0000
0000
0000
0000
0000
0000
0000
0000
0000
0000
0000
0000
0000
0000
0000
0000
0000
0000
0000
0000
0000
0000
0000
0000
0000
0000
0000
0000
0000
0000
0000
0000
0000
0000
0000
0000
0000
0000
0000
0000
0000
0000
0000
0000
0000
0000
0000
0000
0000
0000
0000
0000
0000
0000
0000
0000
0000
0000
0000
0000
0000
0000
0000
0000
0000
0000
0000
0000
0000
0000
0000
0000
0000
0000
0000
0000
0000
0000
0000
0000
0000
0000
0000
0000
0000
0000
0000
0000
0000
0000
0000
0000
0000
0000
0000
0000
0000
0000
0000
0000
0000
0000
0000
0000
0000
0000
0000
0000
0000
0000
0000
0000
0000
0000
0000
0000
0000
0000
0000
fffb
fe1d
0259
0216
ffc1
0103
02af
fe38
04a9
ffe7
03bf
fef5
017c
07a6
fed4
0010
fad0
fe9e
043d
fe97
ff91
fc6d
fac2
00b0
fdf8
0026
0231
019d
00b9
ffe4
00d9
fde2
0404
fe1f
015e
0247
01d1
fdf9
fbd2
022f
00c3
024f
02c3
05a1
000b
04b3
fe23
036f
fd48
fde8
00f5
ff4c
fc8c
ff4b
fc4c
fc86
0482
ffbf
ffd7
02eb
0240
0195
fffe
010c
fea0
ff1f
ff24
ff0b
0158
023d
0088
fef7
ffac
01fb
ff38
00b2
ff01
0280
0100
ffbc
fe02
00d7
02fc
0167
ff7e
0180
fcc4
00b6
ff33
0069
fe96
0172
fd7c
007c
ffc7
ff0f
010f
ff8c
ffe3
fe03
012c
0165
00c6
fe89
fee6
0126
02fd
ff39
ff1b
ff6a
0130
031d
fef6
fd95
00c8
ff6b
00bc
009f
ff2e
03bd
fd0d
002e
02f0
ff74
fddb
fe35
fd95
fe02
ff83
0212
fdc7
fdb5
feea
ff85
fb28
ffa4
fffe
fe78
fca8
fe99
fe82
fedc
ff12
fefd
ffe2
fbed
ff56
ffa9
fec7
0013
feba
fee0
ff37
fdbf
02f0
00c5
fe47
ff1d
fd49
0268
010e
ffc0
fa80
0010
00ea
fb87
0029
0033
01cc
ffd2
0100
ffc4
01f5
008f
ffd1
fe64
0551
005d
02b6
ffaf
fe28
02c8
fe5a
ff3e
021a
fc2f
ff2a
024d
0092
01da
ff4d
fee9
0060
fe02
0200
01e8
ffd3
019f
0235
fdda
0379
ffda
03d3
fe94
0262
07d5
fec0
ffae
fae9
ff00
0437
ff4a
fe8a
fd0c
fafe
0141
fed4
0017
02e8
012b
0157
003e
00bf
fd38
044b
fe7b
013e
0143
012c
fd87
fb05
0279
0101
016b
024d
05a7
fefe
049c
fdc8
0257
fc54
fd09
fffd
ff3a
fdfa
ff52
fd4b
fc99
0413
fe2d
0005
02ee
00fc
0129
005c
00b4
ff07
fedc
ff3a
ff21
0146
0243
009d
feb9
ff15
0134
004c
00a4
ff8b
0250
00de
fee2
fd95
0051
0362
0171
ff39
01b6
fce9
009c
ffa6
ffbf
fec9
0172
fdda
008c
ffcb
ff18
0160
ff58
ffa3
fe8c
00a4
00f6
0031
feb7
feb1
0179
0353
ff0b
ff2c
ffec
0116
029a
ff17
fdb4
fffe
ffa6
00f1
009e
ff2c
0380
fca8
0059
0278
ffa5
fe5b
feab
fdef
fe33
feb9
024c
fdd2
fd75
fe68
ff68
fb50
ff5f
ff74
ff58
fd57
fed0
001b
fe26
ff0d
fefc
0059
fc06
008b
ff42
ff27
ff86
fe7c
ffe2
feae
fdb4
02d4
00b1
fe86
0010
fc7b
02be
00ae
ff00
fa2a
ffa1
008c
fbae
ff79
00d1
0244
ff87
01cd
ff5e
0178
ffc3
ff23
ff2e
0540
00fe
02ee
fef8
fdc4
038c
fec3
fff5
0110
fc7e
ff77
01f1
00ac
0205
ff33
ff1f
ff9c
fe21
0293
0174
ffff
02b0
0219
fe3d
0350
0037
03f3
fec6
0327
0794
ff16
0012
fab3
fef4
032c
ffa2
fe73
fd12
fb10
008d
fe21
0052
01fb
0128
0084
ff91
000c
fdab
0421
fec6
023c
01c6
0193
fe89
fb4b
021e
0255
01da
0414
053d
002c
0494
fe87
0261
fcd7
fcc8
0070
ff67
fd7f
004b
fcc9
fc3d
03b9
fee0
ff9e
029f
020e
008f
015f
00dc
fe3e
ff4f
fe9c
fe68
01f1
0172
0089
fed2
ffc1
016f
ff7b
00c9
fef2
020d
0112
ffd1
fe0f
0017
02d6
0154
ff0b
01c9
fcc0
0143
fefe
ffe9
ff1e
0163
fdcd
004f
ff73
fec0
00f4
ff74
ffee
fe22
0075
00d8
007e
feab
feaa
015d
0357
ff62
ff47
0055
0135
0217
fee2
fcdd
0039
ff44
0054
0064
ff28
0409
fc5f
00a4
02a0
fff9
fdfc
fe64
fd74
fdf2
fe68
024c
fe6e
fdf2
ff7a
ff76
fb87
ff5f
ff21
ff03
fe52
fe23
0017
fe71
ff87
ff78
ffd8
fbe3
0031
febf
ff37
ffa3
fdf7
ff49
fec1
fd7e
0257
00b5
fdb9
ff7f
fd56
036f
0085
ff39
fac3
00de
0061
fc62
006b
0053
0335
0027
0239
ff48
0219
00c9
ff8e
ffb5
0606
0052
03a1
fec6
fde3
03b7
ff05
ffb6
01b2
fc93
0031
0226
0056
0214
ff49
fe70
0000
0000
0000
0000
0000
0000
0000
0000
0000
0000
0000
0000
0000
0000
0000
0000
0000
0000
0000
0000
0000
0000
0000
0000
0000
0000
0000
0000
0000
0000
0000
0000
0000
0000
0000
0000
0000
0000
0000
0000
0000
0000
0000
0000
0000
0000
0000
0000
0000
0000
0000
0000
0000
0000
0000
0000
0000
0000
0000
0000
0000
0000
0000
0000
0000
0000
0000
0000
0000
0000
0000
0000
0000
0000
0000
0000
0000
0000
0000
0000
0000
0000
0000
0000
0000
0000
0000
0000
0000
0000
0000
0000
0000
0000
0000
0000
0000
0000
0000
0000
0000
0000
0000
0000
0000
0000
0000
0000
0000
0000
0000
0000
0000
0000
0000
0000
0000
0000
0000
0000
0000
0000
0000
0000
0000
0000
0000
0000
0000
0000
0000
0000
0000
0000
0000
0000
0000
0000
0000
0000
0000
0000
0000
0000
0000
0000
0000
0000
0000
0000
0000
0000
0000
0000
0000
0000
0000
0000
0000
0000
0000
0000
0000
0000
0000
0000
0000
0000
0000
0000
0000
0000
0000
0000
0000
0000
0000
0000
0000
0000
0000
0000
0000
0000
0000
0000
0000
0000
0000
0000
0000
0000
