f3ca
0488
fe79
ff34
01bf
fc31
fb6a
03eb
fe90
f7e7
faa1
00bd
f55d
0398
0ff6
073f
0dcc
fe3a
f8e4
f534
fe6c
f800
f1a5
0108
fdfd
00f9
fb39
044b
045e
f990
fc71
0658
fa1d
0177
fc48
f93c
042e
0268
0a1b
fd61
05f3
fb1d
f616
fcdd
f98e
fd98
0473
01d8
ff1d
f7f9
0c07
02f3
08ff
0d22
1c76
07ca
0011
000f
0155
02c4
0589
f5e7
0fbc
fda6
faf0
f3b3
0cbe
fa72
f54e
06d9
f5c7
f6a7
04fa
f3c3
087b
fbd0
fc92
0814
f9f6
10b3
f336
20e1
eedc
fd90
ffac
f9b4
d2b9
ff82
11c0
d8d8
00e2
ef65
ff70
004f
ef48
fdb3
eab8
f238
11c0
0aff
eec2
0153
f1ba
f132
0e85
1051
ea41
0df8
fc7b
f492
13fa
ff45
ff89
0284
f783
fee3
0058
02fd
fb30
b695
fc7d
05c2
00f7
03ff
f4a7
fdc2
003b
086e
f9c1
fe28
fde6
0476
04ee
f78d
fae4
07aa
04ff
0c56
03d6
04dd
f71f
03d8
eb1e
f8bf
0ae1
0467
f8a6
f63e
06c0
03c1
f75d
fed8
03b8
f58f
0b1e
f8eb
026d
fb51
f909
00d9
f182
fb61
ffd7
fd7a
fe22
00c7
fabd
fd7b
0354
08d7
0557
f75d
0702
fb1e
f742
03a0
0a16
fc99
0954
0333
f777
0371
1063
19f8
ed8c
f23d
fa7a
02ac
0134
0092
0627
ff8c
028b
02aa
ff93
0813
fce8
ff5c
fa2e
000c
f95c
f7d5
fbc3
fd95
fb22
0186
0dbe
f9bc
089c
fc19
f9a2
fc48
028c
fb7f
f55e
00c1
00bb
02a5
fbd9
033b
0d00
f941
fc37
09b0
f4fd
06dc
fc01
f9cd
0087
fe65
0770
009b
25de
fb0d
fbf0
fcc3
fd76
fc47
0269
00de
0181
00e6
0a5a
fe72
01a4
0611
1afa
082e
ff7a
0420
fedd
0968
044d
fa26
0119
fc9e
15e4
fafc
01bb
03cc
f7c9
034a
f5ec
f5b4
f3f4
fae2
04dc
fbcf
ff2f
fe40
f852
0d8f
01bb
2568
f614
f2ae
f597
0b09
df44
fd13
1862
e841
0350
f758
09d0
0fd2
f9b1
05d9
f59f
e9ad
1648
0ca8
ead2
05f7
f10c
f97b
177c
034b
f02a
1721
ff82
ff96
1baf
ffa0
fa16
02a5
fee3
fa36
f534
fede
fb31
b019
ffd1
071e
f702
0445
064c
f8e2
02ec
071c
03c5
0121
f8ab
0382
01fd
f1e5
fb8d
0b94
022a
0aec
0391
07d5
fccc
073a
f1a9
f7ce
0c6b
06fd
f3b5
f7c4
08a1
0146
f747
fad0
01c5
fa10
0602
f4da
f859
f319
05a2
f655
ed17
f8c4
fbf6
0181
0137
fb62
0059
f8c2
004a
0cf8
0231
f690
0443
f764
f693
fc15
0962
010f
066e
0606
f704
0898
0b2b
113c
f527
eca8
0009
07b9
f5a9
08ba
fdf7
0847
ffff
0012
f84a
fb82
fa4d
f9d6
006d
0eaa
0467
054c
04f1
fd50
0123
0642
087f
0a15
f4d2
fdb1
fa7a
f6e5
0060
f98b
f19e
fc2b
f002
fbeb
02e3
fe54
fcf1
fe73
0867
f94f
fc98
fdf1
02aa
054d
0b77
fc03
fe55
05a7
0624
ff60
f575
09cb
ff71
f3cf
074a
ff98
fb88
f8dc
0e70
0277
025c
14d1
0d86
ea96
0303
f2bf
f9e9
0557
edc8
0025
ef43
0b91
036b
0413
f7f8
f928
0225
05bf
fec4
0245
009a
f61c
0626
fb0d
f161
08d0
f7bf
0a82
01aa
05f5
ef0f
00b1
fa7b
f1c7
df67
003f
11c9
e4f4
fb8c
f6fc
f60c
f382
f31d
fef9
0064
fbf4
04ad
0492
fb51
1039
fd42
f126
0176
0e8b
0132
01eb
fd46
fd4a
0157
fc40
04bc
ff3b
f36a
fbca
fc62
072b
fb17
d66d
0385
01ed
ec59
0390
ee9b
0a8c
fae4
03ad
fb44
04eb
ffa9
01fe
0087
ffa5
f13b
02d7
01bc
08d9
1375
024c
f40a
0632
f81c
f6b6
06e6
0399
f4ad
0d27
ffe2
098c
f203
fddc
014e
07e4
04e5
123d
0290
16cc
fc58
0dd3
0614
07b3
004e
ffa6
fffd
fec4
e5c2
ffe8
ffb2
fe6d
0764
f242
0e4d
ee7e
ff11
05e6
0a6d
ff89
09ce
024a
f6ea
110b
0c98
1225
050f
122e
f62c
fc69
0768
f38c
fe57
f58c
0000
0000
0000
0000
0000
0000
0000
0000
0000
0000
0000
0000
0000
0000
0000
0000
0000
0000
0000
0000
0000
0000
0000
0000
0000
0000
0000
0000
0000
0000
0000
0000
0000
0000
0000
0000
0000
0000
0000
0000
0000
0000
0000
0000
0000
0000
0000
0000
0000
0000
0000
0000
0000
0000
0000
0000
0000
0000
0000
0000
0000
0000
0000
0000
0000
0000
0000
0000
0000
0000
0000
0000
0000
0000
0000
0000
0000
0000
0000
0000
0000
0000
0000
0000
0000
0000
0000
0000
0000
0000
0000
0000
0000
0000
0000
0000
0000
0000
0000
0000
0000
0000
0000
0000
0000
0000
0000
0000
0000
0000
0000
0000
0000
0000
0000
0000
0000
0000
0000
0000
0000
0000
0000
0000
0000
0000
0000
0000
0000
0000
0000
0000
0000
0000
0000
0000
0000
0000
0000
0000
0000
0000
0000
0000
0000
0000
0000
0000
0000
0000
0000
0000
0000
0000
0000
0000
0000
0000
0000
0000
0000
0000
0000
0000
0000
0000
0000
0000
0000
0000
0000
0000
0000
0000
0000
0000
0000
0000
0000
0000
0000
0000
0000
0000
0000
0000
0000
0000
0000
0000
0000
0000
11ae
ff78
ebca
0340
0773
fe28
03ec
0528
fca0
0fb3
f36d
1a3f
010d
f572
fde9
046e
fafc
1117
f9e0
fd10
03f5
0382
fac2
0123
086b
35bc
fe37
17fe
0ff1
0969
0924
e9a8
1bd8
17e7
f68f
f4e7
fcd5
fbba
f28e
feb5
fbe2
f629
fd23
ff20
02d9
0767
016e
091e
ffc8
01be
00ce
f8d0
011b
084d
0ee2
ff58
4b6f
dee8
fb08
1454
f2a3
07b3
0855
ee90
006f
fdf0
045a
0175
fdae
08b1
0ee4
02f3
f81c
0dfe
fcc2
0157
ff07
00ff
ff46
f750
f497
0ab0
eb2a
0618
031c
fc57
096e
f517
fba1
0550
1123
fdbb
f67c
0a5d
00a0
fdd8
fde3
013e
03f7
ff27
fb2c
04f6
0214
fc53
fc64
f40a
f31f
fe73
ecb4
0809
0bfb
04d6
10fa
f9bb
f983
0a87
0124
fb4e
d9bb
ee94
3629
fb34
f67a
ff18
fd94
ff35
f46f
05cb
0916
fe34
0c6c
0ca3
f618
fbae
f22d
f9b5
0365
11b7
01eb
f133
0276
14ad
fcad
f32f
0b5c
0160
f948
11d0
0638
fe41
ef7d
c321
b415
050f
009c
f8f9
fda4
0504
0c8b
036c
fa5e
0475
fbdf
fe16
fe79
1349
fff6
042f
fc90
f690
fd52
090d
00eb
ea4b
11d2
fe09
0619
0e51
056c
fc0e
04b6
feae
f866
06fa
fac0
efbd
036d
f78b
ff5b
fd65
0929
04a7
eee0
fbc0
f6a4
0642
0adb
f93c
0485
f5cf
fd94
0f02
fe66
1506
ff13
f663
0325
ffc4
0c46
0d5f
085a
fb5f
00e8
013a
f584
ff8b
10a8
358f
fb54
12ea
ff34
0ce9
0925
f07a
1a4f
14b5
e915
f02b
fe74
ff92
f1ad
f9e7
0446
f7ba
f772
f22f
ffb8
0d14
0478
0aa3
06a4
0249
fcb2
fb08
05ee
f815
f66e
01a0
4c4e
e460
03be
0dd4
ef9a
fce6
0548
f12a
03b2
00d6
fe18
021d
0388
06ec
08da
0279
fd80
0267
fee3
04b7
fb96
fe85
019e
fd2e
f863
0cf4
f6c6
0ae5
fdab
0410
03ca
fed5
ff1a
0632
157c
03b8
f719
04bb
f7fe
fe9e
026b
fc08
079e
060b
fcb3
086d
0b7a
08c6
002a
f75a
f6de
037d
f979
083b
0495
089b
0852
fdef
f873
0147
ff84
03af
e899
f902
2581
fb9a
012d
fc93
fb27
f705
fb58
fc1b
0699
f834
0adf
011e
f036
06d3
ef41
f854
0743
0c2b
fad8
f234
01cb
0a78
06bc
ff3a
f369
fcdb
f23d
0f77
0219
fb88
f501
d377
c41a
0692
0914
fa60
feb3
04c6
08ff
057c
0762
fff6
091e
0678
ef0f
059d
f968
f7b0
0198
023d
f463
0718
f9c5
f499
fd4e
fda9
ffb4
0dcd
061a
f8ef
015d
016c
f68a
017e
05df
fc33
ff52
0539
0575
f9d9
ff20
fbbf
e56c
ef0f
03c2
0cb0
070b
fac6
0f51
00ff
fb83
0ae0
ff6e
1254
0184
f76e
0158
ffef
00ed
12cc
00ab
000f
01d1
040f
fa32
09e9
0f19
3167
facf
0d72
0f85
0216
0277
f7ac
07dd
02c5
e866
f015
0ef8
ed35
eca3
03c8
fb8e
fcc1
fa35
f77d
048c
0676
fcdd
0289
ff63
ff92
fd03
f78f
0296
031f
007c
fc21
45d7
ebc9
00a5
1314
f004
012a
fdc4
f6d7
fca2
fea8
f349
042b
0a33
fe39
0cc7
052d
f23f
0654
fa0a
fc60
03d4
fe87
0921
fb9d
f915
0ee8
e556
0770
0196
0030
feea
fbc4
fc7e
fea4
170c
fc16
f24c
f90a
fb9f
f4fc
0285
f31e
fffb
0f84
ff4e
03ed
0755
003d
0536
f184
f4d5
f97a
fb5f
0ce0
030f
fc2a
0873
006b
f2d9
feb9
fb50
0d5d
e868
f88e
36f0
f919
fa0d
06ba
fd4b
ff16
fe0b
fe32
ffc3
fe47
01bd
03f2
fd2a
01a8
fd18
fdbc
04ad
05f8
fd4f
fac8
00b9
0689
03ac
ffe9
001c
fea0
0191
0350
ff98
02d6
f218
d2a3
d4c7
05fd
0129
fa37
01f3
0172
0642
0483
017e
ff42
00f7
012c
fb33
0578
003f
fb2c
fd15
fd43
0401
04da
fc5e
fc44
025d
fce3
0078
069c
0101
028a
0454
feb1
f39f
f55f
efed
fd7b
f954
0392
01aa
fe27
0123
fd9e
0000
0000
0000
0000
0000
0000
0000
0000
0000
0000
0000
0000
0000
0000
0000
0000
0000
0000
0000
0000
0000
0000
0000
0000
0000
0000
0000
0000
0000
0000
0000
0000
0000
0000
0000
0000
0000
0000
0000
0000
0000
0000
0000
0000
0000
0000
0000
0000
0000
0000
0000
0000
0000
0000
0000
0000
0000
0000
0000
0000
0000
0000
0000
0000
0000
0000
0000
0000
0000
0000
0000
0000
0000
0000
0000
0000
0000
0000
0000
0000
0000
0000
0000
0000
0000
0000
0000
0000
0000
0000
0000
0000
0000
0000
0000
0000
0000
0000
0000
0000
0000
0000
0000
0000
0000
0000
0000
0000
0000
0000
0000
0000
0000
0000
0000
0000
0000
0000
0000
0000
0000
0000
0000
0000
0000
0000
0000
0000
0000
0000
0000
0000
0000
0000
0000
0000
0000
0000
0000
0000
0000
0000
0000
0000
0000
0000
0000
0000
0000
0000
0000
0000
0000
0000
0000
0000
0000
0000
0000
0000
0000
0000
0000
0000
0000
0000
0000
0000
0000
0000
0000
0000
0000
0000
0000
0000
0000
0000
0000
0000
0000
0000
0000
0000
0000
0000
0000
0000
0000
0000
0000
0000
15db
f21d
050f
f58b
01d6
02ec
01e6
0a03
edea
0099
fd0b
f4b4
e8fc
0122
0b22
ecdc
eae3
0917
0840
0518
fc15
fc25
f667
abc4
ffd3
02cb
0a11
0570
053f
ef29
1c92
052c
08d6
fdc2
f544
fe16
f7dd
02a3
10b2
fdea
021b
fbd9
f36d
fc5e
0da2
048f
fe4c
03eb
efda
02c0
fa14
fac7
054d
fbf9
0772
fb70
fda9
0383
ffb1
fb81
08bd
0497
1b92
0955
fe64
0233
0265
00dc
0290
04e3
0404
fc64
f9ad
fab4
075f
fef3
0030
f8d2
fa35
00a2
fb20
f98d
0515
ffe4
fc88
fa39
24fb
012f
d07d
fe43
f75f
fa27
0034
ffbb
f93c
fb7c
fd6c
0303
fed3
00c6
02bc
fdb1
020e
fd95
02bc
0379
fe49
fc12
06d1
fc93
fc6c
01b0
074c
01a9
00c5
02f8
0bbb
0557
0285
efef
f857
0192
f48f
06a3
0012
f953
03d2
fadd
fcd9
f9eb
fe38
055f
0115
fbec
05c8
06da
0732
f607
f9eb
0913
fca3
09c3
ffe2
fb65
10bd
01ed
01b1
0f64
fd89
fe9d
ee4c
e839
07d5
07ab
0562
0904
00df
fc3b
ffe8
1865
016b
fa34
ffa2
02d2
05d7
0103
fb90
0753
fb99
057e
fcbc
f608
f811
05ca
fe02
fa59
fba1
fafe
fe2e
ff62
032d
fcb0
202d
14f5
05ad
f759
01c5
f815
0457
fe73
f659
0052
0122
f8ae
083e
f6cf
03c0
0028
fe4b
055c
f0bf
0528
fd3f
001c
efb7
f746
04de
fb52
ee39
0cfd
0707
fbeb
fce6
006d
ff1a
aa4b
03ba
027d
0ba0
05df
075b
eb65
1958
0748
1790
f1bf
f9d8
f6b6
f1f6
0c09
116b
fc5d
04a3
fdbf
f115
f805
0153
05ce
005e
f8b3
f96b
00a7
0243
fe3a
027e
f85f
fec6
fb63
fa16
0656
ff59
fd16
0d0f
0354
1a4f
0af2
0942
fbc3
0433
0c34
fc04
04f9
0a60
f832
fca1
f681
115c
fc46
fbc1
ff07
f3db
0604
f86d
048e
ff3c
f8db
fdc4
fcc4
192e
fe7c
dc82
f759
fc12
fc75
01d8
fda5
fcb4
f7c5
f972
0920
fd01
fde5
0846
0846
0069
f4ac
0574
03c9
0259
fb50
0cd1
f9fd
00a6
03e9
094d
fda5
0600
0b3e
0c72
14e4
f4c3
f056
fe0a
038b
e860
0025
041c
fd5d
0ece
ff3a
f2f4
0a67
ffdc
186e
0632
e2ee
0f39
0bec
15cb
f9df
ef49
0bb7
01ea
0a5b
f725
0691
0dd5
edec
07c4
2c8a
0282
fd9c
f2f8
f330
fc55
04b0
0cfa
04e8
0901
fe60
fc9f
0ebe
0019
ef3e
f163
0d8b
f715
1408
fa1e
0e68
f991
0e17
f2a4
efbb
0512
06c6
f342
0cd9
01a3
f5e2
00ca
fa90
fdf9
0441
2f04
2726
0bdf
f9fc
ffbb
028e
0631
098e
f258
f89b
f265
02a0
08a9
f979
042a
fca6
0006
01dc
eada
0a3d
0067
feaa
ef9d
00dd
061d
f80d
ef9c
039a
08c1
053a
016a
00ff
f8b5
b3f7
fcd4
00eb
081e
0179
05d6
ed23
1a11
033d
0bf0
f19d
0130
f2f4
fd9d
07ff
0cdd
029d
0621
fe87
f4cf
f513
04ba
03df
0208
f8d3
f92b
fa4d
ffbe
fc38
ffb6
f945
f8c3
fa10
0268
00ed
ff9d
ff84
0824
fee7
1f28
0528
005d
fff4
ff46
024b
fe98
0304
026e
ff71
fc14
0134
0809
00d0
02de
fbcf
fb8d
01b2
f9a9
0377
ff47
035f
fb9e
00f4
25b8
faa1
d00f
0782
fc95
feaa
fe25
07c6
f839
0753
fff7
ff47
fef3
ff78
ffee
ffeb
0072
fd4f
0344
0329
fc54
f94d
018f
ffaa
fb5f
fbe5
048f
0187
fe44
fe65
07b4
fdfb
03f0
f7a9
f6c6
0933
f54b
0318
ffce
f382
0751
fb5e
fc98
093a
0752
03e5
f15b
fc8d
ff9d
068e
0758
f73b
0a55
0119
00b7
14b0
00c0
00bb
14ae
fb12
fdb8
15d9
0286
f77c
ef4b
edbb
05c2
07bb
0591
083e
0602
fd63
f8ee
125e
fab0
f435
f9a7
0cba
06b0
fe3a
f5e7
09c6
06e2
077e
f8a1
096c
04ba
014a
f931
0601
0645
0194
031e
fbee
ff31
faa7
2229
1c50
065a
f5a5
08cd
f833
0704
f5b9
f731
0106
0000
0000
0000
0000
0000
0000
0000
0000
0000
0000
0000
0000
0000
0000
0000
0000
0000
0000
0000
0000
0000
0000
0000
0000
0000
0000
0000
0000
0000
0000
0000
0000
0000
0000
0000
0000
0000
0000
0000
0000
0000
0000
0000
0000
0000
0000
0000
0000
0000
0000
0000
0000
0000
0000
0000
0000
0000
0000
0000
0000
0000
0000
0000
0000
0000
0000
0000
0000
0000
0000
0000
0000
0000
0000
0000
0000
0000
0000
0000
0000
0000
0000
0000
0000
0000
0000
0000
0000
0000
0000
0000
0000
0000
0000
0000
0000
0000
0000
0000
0000
0000
0000
0000
0000
0000
0000
0000
0000
0000
0000
0000
0000
0000
0000
0000
0000
0000
0000
0000
0000
0000
0000
0000
0000
0000
0000
0000
0000
0000
0000
0000
0000
0000
0000
0000
0000
0000
0000
0000
0000
0000
0000
0000
0000
0000
0000
0000
0000
0000
0000
0000
0000
0000
0000
0000
0000
0000
0000
0000
0000
0000
0000
0000
0000
0000
0000
0000
0000
0000
0000
0000
0000
0000
0000
0000
0000
0000
0000
0000
0000
0000
0000
0000
0000
0000
0000
0000
0000
0000
0000
0000
0000
0068
ff56
010a
0215
01d2
fea7
ff59
ff46
ff7c
01a5
fe72
ffe1
fdb6
fff9
ffa8
01dc
0104
fe86
00e0
01a0
f6de
00a8
fcd3
f992
ff32
f571
ff18
0531
fd96
00bd
f86b
fc99
ffaa
009f
00b0
fea7
ffbb
ffc0
0054
00fc
0138
02f8
ffcd
0228
00ab
fec6
0208
00ec
ff76
fda2
ffc3
fdac
00f1
004f
fece
fc3f
2785
f5a4
f6a8
fa04
03cf
0ae2
06b5
022d
ff90
004a
005a
ff1e
ff97
014d
01aa
fed3
022b
fe37
fe94
0220
0030
fde1
029f
fda7
ffe2
0285
fed2
fdf8
0669
ff55
118a
de80
fb75
f157
1339
00df
06d3
fe99
020b
f3ef
ffd9
001c
005b
00f4
ff68
0075
ffdb
003e
012f
ffdf
01bd
02f9
00ff
0315
ff9f
feeb
fe8d
012c
f8bb
fd32
fa1d
fde2
063f
1399
07ff
fb4d
00b7
02d7
0829
fbf0
01fb
fc52
008e
ff2e
00d1
00e7
002f
ff5e
02e6
002a
ff4f
ffab
ff37
03c8
0149
0145
fe26
04df
fe09
fd41
fc01
0488
039a
fcf9
e055
0075
0456
07fd
f7c7
f750
fcda
daac
028e
0a2e
0026
0093
ffe8
ff54
fff3
0086
001b
00a3
00e9
0049
00de
fd5c
ff63
feda
fb2a
fe1a
fdda
febd
02db
fe21
0181
ff9e
052c
0056
0c81
eca2
febc
fc5d
065d
f7be
00d4
f5c6
0c59
e54f
0722
146c
0919
f377
034e
f20b
face
1655
e9a4
ed1c
f996
fafc
14c1
1002
0818
0918
00dc
0716
efa7
eebe
fbf1
fc2d
3ca8
0040
ebaa
f8c8
08a3
057c
010e
104d
0e2b
fbda
0f7e
09d3
02c1
faaf
1306
eac2
0d5a
08dc
f8ee
117e
ff89
f609
18db
07b5
01cd
f6c0
0669
f228
0740
fb3e
fee0
05bd
03bd
f140
ffaf
eccb
06ab
0a74
1c21
0505
0282
06cc
0ffa
f361
002a
09be
10e4
f234
0393
fb24
f919
198d
f2d2
00a2
054e
f8a5
224f
12cc
0104
de9d
1062
0c37
0522
e9c0
02f9
e070
0907
fa52
0a72
0797
09f9
fec1
fe2d
01ca
0390
07bd
0357
072b
0bd7
0db7
f85d
f937
08c4
0996
fb79
0c88
0bcb
fc12
fac7
0198
f54b
f582
ebca
028f
ef46
2dcf
0cc2
fe89
fa80
13bd
f366
071e
04ba
0898
0557
ff1d
0d5e
069b
fa1c
f853
13f5
00d1
f7c6
f4b8
f3e1
1110
fdd3
0069
f4a6
0165
fc79
f6a0
018f
0ea3
02b9
f3d6
ea9a
ffe4
055a
fe59
fb44
f164
ff24
da8c
04f4
022b
0334
007d
0575
031e
05be
ffbb
01ff
fc9b
08af
0bf3
fcf1
fbe1
eef0
fad3
ef40
f3de
f386
fb70
0b4a
f7ae
1391
04cc
5290
0077
0073
e8d2
065b
02cd
0640
01a6
fcfa
efa7
092d
f86c
0a39
0c12
0042
ea98
fd2a
0bdc
fe08
0ec1
ec1d
eacd
f72f
0130
fa68
0e4e
f974
0e9a
0aaa
0112
f3ab
02cb
eed9
f93c
32b8
f5b6
03a7
063f
0b0c
0531
0281
0b5b
150b
ee39
0a69
0e04
074a
f313
0cd6
fce4
17a6
012d
fc63
03d6
ebbc
f37d
0122
fd72
fac7
069d
fb81
fcc1
08aa
015f
fd3d
f8cd
08e9
f579
f1e0
046a
fda7
0ca8
07a4
fc77
fe90
0431
0590
f42d
0030
028d
0298
fa5f
0746
f59c
fadf
097f
f831
fb09
013e
ef5a
fbd1
0246
f63d
f81b
0a66
f6dc
0d2b
edc6
f6c5
ea47
15e6
ffaa
0706
0589
01c9
f5f6
0419
fbe4
fe89
fb9a
fc0a
0833
fc80
006a
fd56
fc38
02c2
0a40
fc6e
094e
fc64
00fa
00fd
f81d
e903
f857
f7a8
fa57
fe96
34d2
09c3
01ee
fbc2
0414
fe04
ff32
069a
f24b
feef
fb13
05ab
0676
f8d8
fd71
0c78
018d
f4e0
f634
0073
0dde
0b5d
0080
f376
fe77
f976
f32d
f44a
1310
02cd
f896
ecc7
fa3f
0554
fbbf
fcce
f629
02ec
d3b4
feaa
036a
0773
0195
08ee
0447
0a59
fbe2
ffa3
0035
0dbf
0832
fa90
f551
f787
ffda
f2d8
fc7d
f7bc
f707
0ae1
05d7
0c08
01ca
306b
f9e1
0966
e5d2
f927
fab5
088f
0de1
03fd
f218
0000
0000
0000
0000
0000
0000
0000
0000
0000
0000
0000
0000
0000
0000
0000
0000
0000
0000
0000
0000
0000
0000
0000
0000
0000
0000
0000
0000
0000
0000
0000
0000
0000
0000
0000
0000
0000
0000
0000
0000
0000
0000
0000
0000
0000
0000
0000
0000
0000
0000
0000
0000
0000
0000
0000
0000
0000
0000
0000
0000
0000
0000
0000
0000
0000
0000
0000
0000
0000
0000
0000
0000
0000
0000
0000
0000
0000
0000
0000
0000
0000
0000
0000
0000
0000
0000
0000
0000
0000
0000
0000
0000
0000
0000
0000
0000
0000
0000
0000
0000
0000
0000
0000
0000
0000
0000
0000
0000
0000
0000
0000
0000
0000
0000
0000
0000
0000
0000
0000
0000
0000
0000
0000
0000
0000
0000
0000
0000
0000
0000
0000
0000
0000
0000
0000
0000
0000
0000
0000
0000
0000
0000
0000
0000
0000
0000
0000
0000
0000
0000
0000
0000
0000
0000
0000
0000
0000
0000
0000
0000
0000
0000
0000
0000
0000
0000
0000
0000
0000
0000
0000
0000
0000
0000
0000
0000
0000
0000
0000
0000
0000
0000
0000
0000
0000
0000
0000
0000
0000
0000
0000
0000
ff82
0061
fe2b
00b1
018b
00ec
0075
0081
ffce
fd3a
fbf8
ffd4
ff76
fe6c
f919
faea
fbdc
0150
fe29
f3b9
00c4
fabe
1ac6
f699
e89b
0445
089f
f4bd
f675
10a6
051d
f902
00d6
00ce
0105
fff7
0140
00f0
ff0f
ff65
ff4d
ffdd
ff3a
ff50
02a0
fd7d
f97a
ff2f
f5b5
fe5f
ffe2
fe64
fdf8
fde4
f354
f635
1195
fab0
0852
01c8
fd3a
0288
f66f
ff36
0082
ff21
ff26
fe34
0167
01d3
ffbd
ff50
fde6
ff37
014c
009b
fee1
0287
fdbb
fd5c
fc51
019b
01b0
f8cf
ff1c
00f9
ffe5
f559
1fce
0815
fd37
fea4
fe1f
fdfe
008e
fb38
01a9
feda
ff70
ffd6
fee6
ff4e
fc81
fd93
febc
ff71
fee1
0121
fd2b
0096
fe2d
ff27
fe96
ff9f
00eb
fede
0010
fff9
fdc3
f72e
ff06
0866
fbe5
02b2
0512
fb69
025a
fd63
fea8
ff7b
fec9
008c
fe56
fd66
ffd3
01f8
ff88
0350
0026
04c2
fc0c
02a4
03ed
fee7
ff1d
ffdc
f787
ff6b
ff5f
f526
fd98
ff90
01f4
f3a7
fe1c
0510
fd10
fc41
02b0
f250
00b9
ff57
0147
025c
ff95
fd4c
0057
0490
ff24
03d9
0123
0547
0152
ffa9
06a3
01aa
026b
0075
ff8e
fc5c
ff80
f3e2
01a6
fd09
f604
e25e
fe7c
00fc
055c
0773
0271
f9d3
fd52
fd14
f70a
0c2f
0114
0472
005c
ff8b
0713
f6ad
f7b6
f6a0
f6b5
0150
f28f
056c
0092
fed9
fed1
e87a
05d1
f849
1375
f7e2
fe06
11f5
19b0
f582
071b
2079
0d9b
f51e
fef7
0578
0158
00d8
ffbe
0d0e
0234
f40c
f116
003b
fa33
ff9f
08f5
fcd3
ff02
0538
f0fb
090c
04ab
060d
0381
002c
cb19
f61e
1b1d
f772
05c6
f199
f80b
0d57
f822
0a53
f702
05e5
fb66
02e4
141e
0b6e
01e6
03e0
edfa
fad6
0775
0e63
fd3a
fd10
f0d7
f1ea
0293
0966
13d5
d273
f93a
0955
febb
eb69
074e
0f59
0709
f261
fab8
f956
ef94
fda7
0a36
ec8e
f6b2
f923
0bdb
07b3
e533
edd7
fc77
fd02
fd0c
05ca
f846
00ec
e7f9
f62a
e8da
05bb
0b51
fdca
f474
fe6e
fcb7
07cf
c18c
07b1
fb5d
06e8
090e
f8f1
f9cc
f14f
f3d0
feaa
f890
f85d
0876
f4d5
fbe6
fdfd
028b
0712
f1f8
0ee0
f7b8
fb29
07c5
0002
f816
fff1
e547
fae6
fcfa
d977
fd0f
f7c6
0bed
c228
f63c
0d5d
eb3c
1674
0517
f80f
f823
f6c2
fc61
08bb
fb64
f0cc
01b4
1d38
0a9d
1831
03a8
17fc
f5ef
f56c
1848
059b
0271
faf3
ff9a
f7c1
fd5f
fcc1
ffe2
0404
fa8c
fc31
fc26
04bd
0be5
0873
0719
f5a1
fa15
fc94
f89b
0ce7
f790
01c4
fa7e
0b1c
017d
fc3c
f757
f700
f997
086c
f085
f985
0192
039f
03b8
ef0c
fb1f
fc0b
0616
fc61
fe26
0869
0bd2
ed63
f775
1b85
0420
f8fd
f7db
ff1d
fce3
020f
fcbf
11a9
feba
f821
f4e2
ff2a
f774
000a
047a
fb4b
fa35
05e3
ec76
0863
ff25
01a8
02c2
fb17
c410
f2e5
2706
eddd
093a
f7b6
f986
f2ac
f693
fa75
ec97
0f88
fd1b
eb59
fcf5
ef5a
f74d
035f
f6a4
fa6c
0ab7
fb7f
f813
fd2e
0120
0327
f85a
ffe1
07a1
e7a7
fc66
f931
08ea
e101
05fb
0d1e
fdf3
00ee
0365
f9e6
fa65
fdcf
f119
f595
fc75
f7d9
0bfa
07a7
f3c5
edbb
fe3d
00cb
f5bb
14ae
ec82
ecc2
f3b7
fe1f
fa5d
fb89
0329
f762
08b1
04ab
ff3e
ffbd
ccb8
098a
fb61
faf3
04cc
f7b6
eff0
f00c
fd32
07ee
fb67
f536
067e
00bc
f767
f79e
0149
056e
047b
fa02
e772
fd87
0fe0
fa32
fff5
fda3
e771
f658
ff76
dcef
07d1
015e
ff55
c60e
f5dd
fd43
f59e
105c
0997
fb7d
f6ae
fa95
f7ca
0487
f680
f02a
08fe
167c
01c0
15a2
0f7a
1352
ff81
0337
18d3
0dd6
0658
fff6
fd97
fc97
0045
f61c
04e9
f86f
f3c5
0276
fdab
0b08
07d2
09e9
035a
f4ef
0000
0000
0000
0000
0000
0000
0000
0000
0000
0000
0000
0000
0000
0000
0000
0000
0000
0000
0000
0000
0000
0000
0000
0000
0000
0000
0000
0000
0000
0000
0000
0000
0000
0000
0000
0000
0000
0000
0000
0000
0000
0000
0000
0000
0000
0000
0000
0000
0000
0000
0000
0000
0000
0000
0000
0000
0000
0000
0000
0000
0000
0000
0000
0000
0000
0000
0000
0000
0000
0000
0000
0000
0000
0000
0000
0000
0000
0000
0000
0000
0000
0000
0000
0000
0000
0000
0000
0000
0000
0000
0000
0000
0000
0000
0000
0000
0000
0000
0000
0000
0000
0000
0000
0000
0000
0000
0000
0000
0000
0000
0000
0000
0000
0000
0000
0000
0000
0000
0000
0000
0000
0000
0000
0000
0000
0000
0000
0000
0000
0000
0000
0000
0000
0000
0000
0000
0000
0000
0000
0000
0000
0000
0000
0000
0000
0000
0000
0000
0000
0000
0000
0000
0000
0000
0000
0000
0000
0000
0000
0000
0000
0000
0000
0000
0000
0000
0000
0000
0000
0000
0000
0000
0000
0000
0000
0000
0000
0000
0000
0000
0000
0000
0000
0000
0000
0000
0000
0000
0000
0000
0000
0000
0057
ff56
ff6b
fe63
00b2
ffc6
0078
0115
027e
fead
00d7
ffe2
00f6
ff32
021e
0230
004d
0051
f558
ff9a
015c
019a
0bfc
e1d1
f811
076f
0032
02c5
141e
07aa
f869
037b
fff0
ff82
0014
0091
0089
ffba
00aa
ffc4
ff3a
fdb9
0272
fb7b
ff16
fecf
0424
008b
fde6
ff6f
0001
fedb
0082
fc6d
f826
0d6d
040d
faba
08df
0057
fe8d
ff65
fd60
0993
feab
fe5c
ffa3
ff14
00d7
01b1
0144
02bf
00f8
0343
ff9a
0409
ff7b
009d
0124
0109
ff79
f762
00f3
0132
ff9c
019d
ddb1
0559
f9c5
0481
faa9
f328
0366
1b50
fa87
04ce
fea6
ff70
0034
0094
022f
0065
0461
ff62
01f7
02aa
fe03
fe9a
ff36
fca4
fe4c
ff99
fefa
ff17
0098
0054
fc9b
00de
08a4
0422
f384
087e
fed4
fecf
0bc0
d951
0128
fb27
023c
ff80
fceb
fd92
fe77
013b
000a
005a
fe66
03e8
fe50
fd3e
0293
fb74
00f4
026d
fecd
fe56
00f4
002a
ffc6
0655
0452
0d40
fe2d
ff04
021a
eb37
ffdb
16ae
0351
011e
feb6
fe3a
ff1b
0089
fd67
024e
038d
01c3
fe3d
ffbb
00c5
0389
0267
0076
ffc9
020f
0029
0255
0076
ff8a
feba
0a71
054a
10df
e34c
174b
013f
f6ea
00fa
0b11
0165
02dd
0220
f985
fe90
f905
0a11
0c48
0566
0606
0ad7
00ff
fabb
090b
0013
fdda
067d
fbee
faa0
fc38
eef0
0aef
ff49
0f8b
0862
ee3f
e827
0628
00cf
fdcf
130c
112a
fec8
00ea
f4ec
f5d8
feb6
073b
0b4c
040a
12bd
09da
0051
f556
fa67
f821
0904
031c
03b2
f8d9
f48d
03ad
0782
fbd1
052a
0104
011c
3e27
0584
ea6c
08f7
0e88
f33e
f71e
fcb5
116d
0548
fc2a
0575
f7dc
01b4
0803
047c
06e7
f2b3
11af
0382
0bca
faa0
0793
ff7e
ff3a
ff16
e63a
0853
096f
055f
092b
ea1f
fbd3
f7c9
0a1b
0412
0fcc
05aa
0f1e
0054
f980
f9ca
04b7
f2fe
f76e
0f95
fccd
0f8f
050d
083f
0f56
07b3
f34f
f6bd
fbab
ec3e
fcf8
0c7d
f995
09d0
0671
ed62
025b
4633
015d
fe98
062d
0e43
1132
0773
ebc8
0018
1cc5
043e
ff49
f7fb
fa1c
ffb8
f4fd
feea
fafa
00b6
11ed
fcff
f0d7
0bb7
e44c
02bd
fcf3
fdd1
fee8
0b74
0465
ffde
1c07
0445
1fbe
e763
1161
fcbd
f5a9
0c3c
2730
0868
f15c
0c00
f1fe
f2c0
ff43
eed7
118a
107e
10d6
f241
0256
0f6f
fbae
0ce8
fdad
fb46
0031
fec1
f815
0e5d
09f8
f3c1
04d1
0c31
1307
0240
01ec
0292
10ff
f6ff
090b
0093
058f
06af
0796
feec
f2e3
0220
03b4
027f
0bfc
13cb
0106
0698
0575
ff7e
016c
fa48
0570
fc1b
0102
e7a2
0c9b
f99a
fafb
042e
f54c
ed40
04d0
001f
fab2
116e
fdf3
f1cb
037a
f649
ed66
f909
fa7a
06a1
0e11
0c04
01d4
fd7e
f1d3
fea0
ef10
04fc
feb6
0fc4
0b7d
eb83
fd4a
04d3
fbca
ff56
009d
df84
4a76
077c
f6b6
0ee2
01b8
f1e9
f887
ffc7
04ea
09d4
fca5
022c
fe36
ff61
03ef
fa16
08ef
0298
0874
0286
1474
f678
0359
09cc
0ee6
0ccd
e269
015d
1154
0200
fe8b
ed84
0b11
fe1b
074b
f389
f574
03ef
0345
f611
0c2e
01a7
019d
f838
fb64
0874
0e38
0740
03d0
099a
0db3
f8c4
f7eb
034a
f539
fbbd
fa10
00a4
f6fb
0128
f275
f479
0156
4043
0718
f336
0970
0a59
fed3
0e2b
ddae
085d
fe29
005c
091f
00d4
f533
07f4
f6d7
f9ed
fb00
fdb0
0f4b
ec67
f832
0ee3
f08e
091d
f382
0871
06cd
fc6e
feda
0178
1599
054f
193e
e4f0
21a3
00bb
f158
01a8
10e6
0a3f
0349
0a1d
f817
f4e9
fa3c
f014
0b8b
12ab
0bab
eeb3
01c8
0581
070c
0bb6
fc28
f4ba
0906
0bf8
ffd3
1034
01e4
01a9
0bee
0ef8
0c4f
f1d9
070f
f622
11a7
f9c4
fa81
007f
f350
0000
0000
0000
0000
0000
0000
0000
0000
0000
0000
0000
0000
0000
0000
0000
0000
0000
0000
0000
0000
0000
0000
0000
0000
0000
0000
0000
0000
0000
0000
0000
0000
0000
0000
0000
0000
0000
0000
0000
0000
0000
0000
0000
0000
0000
0000
0000
0000
0000
0000
0000
0000
0000
0000
0000
0000
0000
0000
0000
0000
0000
0000
0000
0000
0000
0000
0000
0000
0000
0000
0000
0000
0000
0000
0000
0000
0000
0000
0000
0000
0000
0000
0000
0000
0000
0000
0000
0000
0000
0000
0000
0000
0000
0000
0000
0000
0000
0000
0000
0000
0000
0000
0000
0000
0000
0000
0000
0000
0000
0000
0000
0000
0000
0000
0000
0000
0000
0000
0000
0000
0000
0000
0000
0000
0000
0000
0000
0000
0000
0000
0000
0000
0000
0000
0000
0000
0000
0000
0000
0000
0000
0000
0000
0000
0000
0000
0000
0000
0000
0000
0000
0000
0000
0000
0000
0000
0000
0000
0000
0000
0000
0000
0000
0000
0000
0000
0000
0000
0000
0000
0000
0000
0000
0000
0000
0000
0000
0000
0000
0000
0000
0000
0000
0000
0000
0000
0000
0000
0000
0000
0000
0000
ffd3
012c
0075
0027
0046
fef6
007c
0200
034c
ffea
fd11
01a0
04e4
0051
fb4d
ff9a
ffec
017b
02f0
fea2
0026
f83a
fed3
f848
029f
1cf5
0e67
eae6
fc10
fb11
0080
0364
0059
0065
ffc2
0148
ffed
fcf1
fe98
fe54
feff
00bf
0338
017e
fcac
009e
0409
fe6f
0221
fdd9
fdc6
fe50
0306
f35c
04d6
0124
fe73
1ea2
049a
15df
ffcc
0219
fbb9
0038
ff51
ffae
fe96
001b
ff86
0083
fe15
fe93
fd3b
ff2a
ff76
fcc8
0116
00de
0281
ffe6
ff33
fa91
ffad
00eb
0169
fc67
2667
039a
007d
fbbd
0b91
0170
ff89
0894
fe5a
000d
fed1
feba
0026
00ac
fe90
0019
01fa
ffa2
fe26
fd4b
00d5
fdeb
ff38
fe3c
fd78
0045
00b5
fe5c
002c
ff7c
0063
fb42
f4e5
fb2f
07e1
f274
e7c5
02cd
061d
0382
ffa4
07f6
0089
007e
fec7
00d9
0095
017e
ff6a
00df
0018
fe7f
0056
fe84
ff4c
ff76
00f2
ff5f
ff5c
ff32
ff29
fd1f
fff3
fba2
fcc4
eab0
0244
0bd1
f8ad
fd58
07c1
f22c
fd0b
fc5b
ffbd
ff25
006d
0107
004e
ff2c
00b8
028f
01e9
005b
fd95
ff5f
0378
00aa
fe02
009f
fd87
ff69
0213
f889
0179
fdd7
e1c0
0db2
07c2
0040
ec8d
f156
0b68
f66b
f348
fa32
fc45
0633
fd46
fbcc
f844
f71c
023e
05c4
0bd6
ec94
f1ed
0202
14fc
0445
f20f
f581
06cd
003d
190e
fceb
fd85
df1e
feaa
fd8c
09f6
2b9e
fe3f
0429
f677
0064
f5e4
fcc1
fdef
0688
fe45
05b2
04d1
f659
feba
fc9b
f49b
0f92
fe0e
fdec
ecf9
f7b2
06b9
f743
1069
fc24
fb1f
fb70
10eb
f1c1
07f4
0e39
fd2e
060f
f0e6
197e
fcad
01e7
f04a
0976
01f1
0c22
f771
0273
0c12
0331
f106
f719
f8d7
01ee
f99b
f471
0816
feed
024c
02a6
fc43
f7ac
05b6
fb23
00b6
febb
0ea5
01c5
fe89
f19f
f515
0651
04ae
0462
ffc6
0d68
f578
fc98
fe18
0721
f75f
0459
fcfc
fbf1
f4b6
f418
007f
f693
ef66
044f
eb94
fbbb
ffe6
f9ca
0144
06db
fc32
f0c1
c5ec
f335
ff41
ecbd
e64f
fef1
fd0b
04f1
0441
04b0
076c
08b9
f709
fc90
015a
0820
fb48
03c2
ff30
fa0f
f53d
ff3d
f31f
fdf7
f893
06c0
00df
0146
ffde
fdc9
fbc7
0299
dc4b
0008
0782
1197
ff5a
eaa3
14f2
f42d
10cc
f923
0c1a
006e
fc15
0905
fb95
06f7
061a
fffa
0ff7
008c
f39d
f7e5
08bc
001c
f613
fc07
f2b2
f6be
ff06
e955
08a7
f793
eb5a
1136
0599
0250
ea5e
ed5a
1132
ec0a
e9f0
f7ce
0041
05a2
029f
fae8
fa63
faa5
ffee
06a9
0ad0
fbeb
ef52
fde1
0fa5
07a9
f09f
f8c4
f7da
0eb9
174c
0062
f7d0
e739
fd39
f61c
ff54
21f2
08ca
01b1
0065
f440
feed
0958
015c
0189
03c5
fe34
fd66
f954
0451
fc0d
fbbb
0285
09de
f789
f7c6
fb1e
08be
fbac
1582
f9fe
f3f3
0863
fe9e
f512
0960
083b
0707
0819
f728
2154
0834
0171
fbf8
08ca
0902
0373
0052
004a
06ae
fdca
f86c
ff9c
fcbf
003b
ff2e
f81f
07b8
03d5
0693
fe12
00f5
ec9a
0279
fd05
0097
fd38
1459
fd64
02d1
f53d
f841
0a05
0405
0789
0582
0201
002c
04cf
fb08
03db
f9c1
03a4
fdc8
fbb2
f121
f780
fb46
f3f4
fab2
fed9
faa7
f97c
ffcc
f8dc
02e3
fd36
fcd4
f115
c233
f588
0091
f3be
e2eb
01c3
075a
051f
00f8
05d0
fcea
044b
016c
fa6f
026b
0853
00c5
fe76
00ae
fdce
0008
0019
fcdc
020f
ff44
fff9
0065
fb25
fd1c
f98f
0378
0232
d9af
f71b
0100
137d
f607
f7e1
1315
f029
11b5
fa70
04d6
0027
f444
fe65
fd91
03eb
05bf
0a39
0855
f697
f217
fc44
09b1
013e
f32e
ff77
ec67
fcd4
0344
e744
0395
02db
ecef
1823
09f0
030e
e1a6
ef7b
0be9
ea75
ecd2
f989
0000
0000
0000
0000
0000
0000
0000
0000
0000
0000
0000
0000
0000
0000
0000
0000
0000
0000
0000
0000
0000
0000
0000
0000
0000
0000
0000
0000
0000
0000
0000
0000
0000
0000
0000
0000
0000
0000
0000
0000
0000
0000
0000
0000
0000
0000
0000
0000
0000
0000
0000
0000
0000
0000
0000
0000
0000
0000
0000
0000
0000
0000
0000
0000
0000
0000
0000
0000
0000
0000
0000
0000
0000
0000
0000
0000
0000
0000
0000
0000
0000
0000
0000
0000
0000
0000
0000
0000
0000
0000
0000
0000
0000
0000
0000
0000
0000
0000
0000
0000
0000
0000
0000
0000
0000
0000
0000
0000
0000
0000
0000
0000
0000
0000
0000
0000
0000
0000
0000
0000
0000
0000
0000
0000
0000
0000
0000
0000
0000
0000
0000
0000
0000
0000
0000
0000
0000
0000
0000
0000
0000
0000
0000
0000
0000
0000
0000
0000
0000
0000
0000
0000
0000
0000
0000
0000
0000
0000
0000
0000
0000
0000
0000
0000
0000
0000
0000
0000
0000
0000
0000
0000
0000
0000
0000
0000
0000
0000
0000
0000
0000
0000
0000
0000
0000
0000
0000
0000
0000
0000
0000
0000
0172
0165
010a
fdad
ffb9
ff1e
fdf4
00d3
fd5a
002c
fe92
ff15
0078
001d
03a9
fe97
ff38
ff9e
ff08
00f4
ffff
0162
04bd
f6d6
01a5
050f
eda7
09cc
019a
fc75
158b
ff6f
009b
01c4
ffca
ffb5
fded
010f
ffc3
01fc
fffb
0213
fe1c
0096
fe40
0180
fc22
ffdf
fe7a
ffac
fe3b
05c7
fc58
fbc7
fdba
dd14
0193
fda9
f1f3
04ab
fbde
0389
ef57
0014
0179
0005
00b9
ff5f
009e
00ec
015d
01f9
feca
0213
0154
019b
0081
01fd
0423
00f2
fe52
fe4d
0050
ffbd
f5c8
040e
01da
e7e5
ea96
fb0a
15d6
fc49
fbd2
0ee6
0fef
027b
ff17
0076
013f
ff3d
0173
0050
fe98
0325
feb0
009d
01db
029c
ffd8
0015
fc6b
0266
fd6e
0079
02ca
ff3a
00ad
03bc
ff59
0dd9
0952
fe3d
141b
04e7
089a
0323
f0a0
f4ce
0193
fe4b
027a
ffb0
ff6b
ffea
ff93
fc5b
043c
ff13
030a
0048
ffcd
ff90
0243
06cb
f9cd
f849
f4ce
0983
e4fa
1cae
fbb2
fe8e
f9ce
01a1
feb9
fb6e
fd04
05d3
f319
fd38
fdd6
fd95
fef3
03b2
feac
fd1d
012d
0041
ff0c
ff04
0080
fef7
fd2f
02f2
fe13
fedb
fcae
fcec
fe10
f92a
0990
0a5f
1353
f3b9
046e
0282
fadb
034c
fea3
04db
fad4
0c21
00c8
ff96
028b
e38d
054f
faf3
f533
f0b8
f7f3
fb94
f825
fc5e
0096
f730
08e6
f38c
f839
078a
fcdb
ffb2
012d
fb51
0a9a
c0cc
036e
01a2
f797
0812
0331
f69b
0eb9
00a5
1083
fd3d
f9dc
039b
f7d7
f7a2
0f18
0a18
023c
ee68
ee36
0e76
ffb3
0580
fd8d
fbd1
fafb
0020
f3a1
0fd5
ff70
fbf6
f055
f4d1
f6f5
0e42
f658
0544
f6ea
f369
e9fa
0584
fa3c
0cad
fbfe
00b6
029c
fe1d
05eb
0114
00d8
fbd2
0100
0049
0464
ff81
0301
0812
ff0d
fcd7
005c
ff14
f49c
fbae
02b9
f740
0047
f411
0cd7
f9cb
f944
0d84
08c3
05d5
077c
0026
0a2c
0073
fba9
01c8
f788
0aea
ff06
02dc
025a
0081
0418
0523
067e
0624
fb23
05c3
0234
ff17
0099
070d
ee26
3b6a
010d
fa8c
0d93
0277
113a
fd2f
f9aa
e826
0aa3
ffbc
0f5b
fb49
fd9f
fe77
fed2
f47f
0ea0
f716
1497
f64a
102b
ff34
07c8
0248
f1ea
ff14
e7f6
0900
02bb
0952
f422
fcd8
0268
e8f6
df09
f23b
01d8
fb6c
1346
1f0a
fead
f242
0c05
0d6a
f08f
f1b2
0ba5
fd87
096a
06ac
011f
fa8e
0091
115f
077f
09d5
0209
ed38
0703
f473
1396
08d4
0ef5
066c
fb2a
1b20
e968
fa93
f8d3
1e91
2291
fdcf
f371
f421
f82d
ed49
065f
fd3d
f5a4
f8bf
efa1
f072
0247
0743
0389
fd82
0b90
019c
086d
0314
0163
013c
fd64
0285
06b3
c533
ffcb
04ea
f291
05eb
ffc0
ff2a
0c63
035f
09ae
0992
01de
f53f
fb90
ef82
fae4
0159
04d9
fddc
fada
fbea
f8ef
07cd
ef19
fd7c
f3d3
0488
f4a1
1f4a
fb89
fd27
f750
f19d
0379
fd56
f30f
053c
ff3a
00f1
f816
0344
ff78
05b4
fbe2
01bd
fd92
fa3f
0723
0124
0411
014b
0626
02d1
0367
fed0
015e
07e6
f7b7
fe7a
f961
fca0
f426
ffde
0244
f993
ed3c
f19a
1a13
f4a7
0471
129c
169e
ff9c
0234
0214
0190
fccb
fc41
01a8
0066
077a
fbe3
04c7
0583
0005
0151
0474
fce4
0276
fd3e
fc6e
025e
0620
042f
0364
f3c6
3d7f
0b0e
fd14
00b6
00ca
09db
0260
f579
f149
0487
0b3d
0b8a
eff4
040e
0a71
f69b
f311
0f55
f76a
1921
ff6a
04f8
f870
097a
07c3
f315
fc48
e707
09fd
f5f7
0a36
fec4
f9f5
e6e8
0009
00cc
fcaf
fd12
18ba
fe30
08a5
074e
fa76
07e9
0ae3
fcd8
f84d
114a
012f
03f2
0166
fecc
f9f2
0130
0520
fd74
147f
feff
ec7f
0404
f498
0b36
0d84
0d3c
f60d
0bcc
199c
fe38
efad
ef33
1480
2507
e68c
0000
0000
0000
0000
0000
0000
0000
0000
0000
0000
0000
0000
0000
0000
0000
0000
0000
0000
0000
0000
0000
0000
0000
0000
0000
0000
0000
0000
0000
0000
0000
0000
0000
0000
0000
0000
0000
0000
0000
0000
0000
0000
0000
0000
0000
0000
0000
0000
0000
0000
0000
0000
0000
0000
0000
0000
0000
0000
0000
0000
0000
0000
0000
0000
0000
0000
0000
0000
0000
0000
0000
0000
0000
0000
0000
0000
0000
0000
0000
0000
0000
0000
0000
0000
0000
0000
0000
0000
0000
0000
0000
0000
0000
0000
0000
0000
0000
0000
0000
0000
0000
0000
0000
0000
0000
0000
0000
0000
0000
0000
0000
0000
0000
0000
0000
0000
0000
0000
0000
0000
0000
0000
0000
0000
0000
0000
0000
0000
0000
0000
0000
0000
0000
0000
0000
0000
0000
0000
0000
0000
0000
0000
0000
0000
0000
0000
0000
0000
0000
0000
0000
0000
0000
0000
0000
0000
0000
0000
0000
0000
0000
0000
0000
0000
0000
0000
0000
0000
0000
0000
0000
0000
0000
0000
0000
0000
0000
0000
0000
0000
0000
0000
0000
0000
0000
0000
0000
0000
0000
0000
0000
0000
0024
0098
ff96
0009
fffe
ff55
ffda
ff3f
0083
0088
01ba
0015
febf
00eb
0060
fe91
ffa4
fe51
ff76
ff8d
0242
03a5
fe14
fa83
fbde
020a
ff68
f875
fca8
0124
045a
fd28
ff65
ff7f
ffc1
ffa5
ffba
ffa9
ffba
ffbd
0198
01b0
0036
fe5a
ffed
0000
017a
00bd
0078
ff59
00a6
000e
0137
ff7a
0078
f65f
f0a7
0e56
115b
0eba
0078
fe57
0dae
0327
ff55
0022
fe69
0045
00ea
0174
fdf8
ff4a
0031
005d
fa52
ff53
0397
0029
ff25
04b4
ff4b
fbba
004c
ff87
008c
fd4c
01f9
e3f6
faed
0105
fb54
eb42
fcd6
01a4
0049
0063
ffbe
fe93
00e5
fda1
0271
fe5d
fd3f
010e
030a
ffb4
ff6e
00e3
fe44
01d5
ff31
fd16
fe21
ff0e
fec5
fd8a
0032
fc3b
ffc2
0cfd
009d
04b4
fea7
f080
012c
f6d2
004b
0371
ff10
0036
ff4e
fed8
fed6
ff51
fde9
fe6f
0064
fedf
fe26
fd06
0011
0267
0216
ff86
ff68
0083
0002
ff37
fd3a
01f9
0a85
f9c2
043a
feb1
ff03
ffb5
ffa9
0158
fd25
fd14
0045
00d6
0120
ff63
018e
ff84
0101
0108
026a
0040
fddb
00f7
0008
00d9
01f8
0008
00a2
0568
008b
001e
ff94
ff3a
1f8d
e8ba
0007
fba4
ffb9
fe8c
ffd4
0113
0021
0243
03e8
0793
faca
082a
0777
0258
ff9c
fb59
fc0c
fa60
08fa
04fb
f600
0c37
f8d4
f537
03c5
fab4
fc7a
f600
10b8
0acf
ff44
fa75
f145
069a
1e45
1044
07ab
0056
00ec
eb3b
fef9
01b2
fa54
fb08
fba1
f83b
0467
fb1e
0b3d
0f86
0c52
f905
ff88
fd9c
068c
0578
0d48
fb2c
f870
04d1
1096
fcee
f9d5
f298
f4f9
fcf7
02d6
1452
f440
00d4
f72e
01c5
0696
04dc
01c5
07d6
073f
f710
fabd
f931
088c
f30b
f802
0abb
048d
0b17
024e
17a4
0d54
ec66
0722
fbfd
fdff
f29b
f87f
f5bf
f86d
0bb0
fe46
f187
f35c
f4fd
00d0
07cb
fbf3
f96d
f8a3
ff33
0f9b
ff44
e918
0743
0cba
f52b
f633
04c8
fb1c
fa3a
070d
e942
eaa0
025b
f223
f621
039c
05e6
0233
3510
f66e
f1b9
f816
03ad
0977
f818
04bf
06e6
fe63
fa95
f9fa
fe68
f782
ff01
fd45
023d
fcfe
0104
fc0c
f9c2
f70d
0b1b
05cb
faa1
046f
f494
00cc
fcbb
0294
0275
1c2f
ecbe
0681
feaa
ffdc
0a7f
ff50
04fa
004b
f7c3
f986
fbf6
febc
0401
fce2
fabe
0424
078c
068c
0369
f3f9
079a
00b6
0013
f96d
090b
0159
11b7
fb02
0409
0420
0063
0352
e3d3
fd29
fafd
0601
fdb3
0308
048c
fe7f
fa3e
056f
0481
fca7
09b8
093c
ffb6
fa0b
fc20
fbbd
f8d9
0a8b
0515
f48c
0b09
00b1
fe09
0600
06f2
fa53
f8ba
fec2
0c06
f5b1
fcf5
f472
0b10
1c5e
1141
066e
0738
f937
fbc4
00b9
056f
f83c
fb90
fd52
f70d
0295
f522
0e45
066c
0920
f3d3
f823
ff54
08a5
07c2
0c09
f659
05f9
f7ff
096f
fd21
0d39
e42b
f8c1
fe59
0659
0dd8
019a
00bc
f1ef
087d
0458
0314
01a4
ff0f
01d5
0412
fe3d
f9dd
fee6
fbaf
f176
02f4
09ac
0401
072b
1034
02e5
f80c
fb08
01b7
057f
f717
018e
f541
fad4
ff40
f63d
f24b
f5c4
0b39
013e
02d4
010d
02f4
fc11
01fd
0a7a
f6ed
f462
046f
0966
fd27
fa4d
024f
fa08
06fc
fbf5
f2f0
f951
014d
fa6a
f6ac
065a
f7a1
fe78
29a6
fd48
0a45
003c
fcd6
003d
ec59
f65f
026f
ff89
fe37
fb5e
00f5
f8db
00f8
fa65
01ca
01e6
0066
03f3
fa08
fdb5
05e3
03b3
006f
fc4a
00ff
fda0
fdb6
fead
0206
22c4
ea4e
0755
01f3
03b1
fef0
fd1e
041c
0069
fc63
fc48
fd75
fcc7
01fd
fdc2
fabc
fde1
0006
080f
fe29
f6cd
fc90
fc47
064f
0254
0488
fe9c
118f
ffa4
007e
ff18
00c9
0f02
edcc
00cb
fd8a
0358
fdbe
fc83
030d
fe6c
03bd
0000
0000
0000
0000
0000
0000
0000
0000
0000
0000
0000
0000
0000
0000
0000
0000
0000
0000
0000
0000
0000
0000
0000
0000
0000
0000
0000
0000
0000
0000
0000
0000
0000
0000
0000
0000
0000
0000
0000
0000
0000
0000
0000
0000
0000
0000
0000
0000
0000
0000
0000
0000
0000
0000
0000
0000
0000
0000
0000
0000
0000
0000
0000
0000
0000
0000
0000
0000
0000
0000
0000
0000
0000
0000
0000
0000
0000
0000
0000
0000
0000
0000
0000
0000
0000
0000
0000
0000
0000
0000
0000
0000
0000
0000
0000
0000
0000
0000
0000
0000
0000
0000
0000
0000
0000
0000
0000
0000
0000
0000
0000
0000
0000
0000
0000
0000
0000
0000
0000
0000
0000
0000
0000
0000
0000
0000
0000
0000
0000
0000
0000
0000
0000
0000
0000
0000
0000
0000
0000
0000
0000
0000
0000
0000
0000
0000
0000
0000
0000
0000
0000
0000
0000
0000
0000
0000
0000
0000
0000
0000
0000
0000
0000
0000
0000
0000
0000
0000
0000
0000
0000
0000
0000
0000
0000
0000
0000
0000
0000
0000
0000
0000
0000
0000
0000
0000
0000
0000
0000
0000
0000
0000
fdb2
fca3
fe9c
fe8e
fcd4
feae
0129
ff0c
000a
0088
fee5
026f
fc30
ff6b
fe99
fca0
00e2
fd95
fe59
ff2a
fee4
ffcf
f427
f6fc
116e
153f
036d
14ee
1000
ff5a
fb55
0127
fd2e
00b4
0248
fdd6
0106
0108
00c7
fe7e
fcc6
01aa
fd7f
ff28
ffac
fca0
fbe5
ff0d
0080
0334
00c8
0111
005b
fe77
0742
004f
f379
ff2d
fa95
fd91
f9f8
045e
0034
0639
016c
ff64
ffae
ffe2
fffd
010b
ff8b
ffb5
00a2
033f
ffd7
fb79
00d0
fffd
ff11
ffe5
fcc8
ff8b
ff27
0111
fd7f
ff99
0acf
0108
0d8d
0106
fe39
0118
fdd9
01dd
0c5d
0187
0091
ff47
fe44
0187
fdd1
02cc
0169
0268
fb98
002b
ffa4
fff2
fed2
00ba
01b5
ff2d
00f2
042c
ff0c
0034
0003
ff18
fb92
f953
1470
ee1b
06a3
024b
fe2e
04c1
01b9
0104
01bc
feaa
feec
fd5e
feee
01ad
fdfb
fdab
fd95
037c
00ab
ff90
fd81
fedb
04a0
fedf
ffe6
fff3
fec5
0187
008b
fca8
007b
1912
0151
06fd
0009
0038
fe68
ff99
fefa
f5a5
ff36
ffd5
014c
ff06
fffa
ffdb
fec6
fff1
ff55
ffd9
029c
0007
003c
0029
01ba
00d9
017a
05cb
0189
feb0
fdfa
0072
0131
ef08
0992
fe12
fc46
0213
fdfb
fdff
00bf
fa70
0674
fcf2
fa74
fd7a
f7ff
f66e
0634
0239
fb0d
f953
04e0
13d2
ed29
04c9
fbc7
ef14
fd42
fa24
f58f
069b
fbbc
03f7
01d1
f6bf
0576
010e
00b1
fec9
0d07
0427
ed4b
f9bf
f361
fa51
022e
f783
04cb
0a07
0a10
f6ce
f35a
116a
f33e
fe5f
fb99
edbe
f1d7
f2a7
022e
0de1
04ce
0752
fec1
0ed0
1f4d
0779
e1eb
e49a
00de
f569
f720
05ce
fd93
f9d4
051e
fe5d
0b09
f7f3
0643
f9fb
f9ec
f8c6
0ce3
0abd
0299
ecae
fe5c
0372
f6da
0558
e9f2
0342
076a
014e
fd89
fdc7
0183
074a
38f9
fa62
fa26
ff61
ff29
f821
1109
0a16
05f8
f6de
f8ff
0408
f27f
0dbf
0cfe
116d
f77c
0067
f65b
ff10
fb76
fae8
0ff5
f8ab
0093
1149
fcfd
05af
0fa2
016e
ea46
f8f6
0a80
e59d
0a9d
0355
05f3
0201
fbef
fc69
078a
f556
021e
0016
f5d2
0320
f357
f369
02cc
0bd3
07c3
fd66
ea97
fee9
1265
0772
fda8
080d
0325
066d
f892
f02e
06ef
0420
0551
00fd
09d5
0b27
036a
f9a1
03e6
f4d2
0a57
f964
051f
e92d
04b6
ff77
e999
f4c0
f795
fb96
0cc8
fad6
f5ec
0455
0c1e
070d
054e
130d
f7cf
fd8c
fb8f
06cb
fddc
c1d1
0e82
fdf7
02d0
ff94
fac3
fba6
fe68
f976
0c0e
0181
fb07
fd8d
f866
fb2d
0809
fe88
0086
fa06
fe9c
101d
ec47
025c
ff3d
f311
0003
fcb9
fbcd
0080
ff61
00b7
fccc
f749
0ae2
097a
0889
1a1e
16d6
01d2
fcc4
01ee
fc60
fad3
fc8a
fa5a
01f7
05b9
0403
f3a2
ee70
0d03
f2dc
0594
fff4
ee02
f09b
fdef
0419
0f43
0067
053a
0034
fffc
1f1c
0611
ecab
e362
fa44
f61d
f341
0762
03a2
08ca
003c
00ac
0d0c
f37b
0790
f990
f920
f807
07fc
1078
022b
f0c9
01cd
0271
f998
030d
fe9c
0137
01ac
ff1b
fda2
fdc5
03d9
fd3f
462f
f8cc
f9ee
016d
00a3
03a4
14a7
0300
05d0
f86d
fc69
0205
f83a
0838
0939
0d8d
ed71
0623
fdd2
f88d
f863
02f5
0cb6
01d8
0282
15ab
0281
0327
0181
01c8
f4d7
f1f4
0ee5
e7ab
0930
05a4
0126
02a8
05f4
0332
ff6b
024e
fb53
0675
fd47
041b
f654
fa43
f936
0b82
fd79
012f
f4df
fda4
0e92
fe63
0132
f94f
02b0
0227
045b
fbb9
ff39
087e
03d7
0587
00e7
08f9
fdcc
feff
f940
f10f
0546
fb74
07e2
f715
fa18
057b
f5da
fc0b
01fb
ff74
042e
04d5
ff82
0540
0a77
ff4d
05a6
0f99
0039
ff83
0080
07a1
feb6
c484
1040
fe3f
fc28
03f9
f809
fc76
fb24
f5cc
0000
0000
0000
0000
0000
0000
0000
0000
0000
0000
0000
0000
0000
0000
0000
0000
0000
0000
0000
0000
0000
0000
0000
0000
0000
0000
0000
0000
0000
0000
0000
0000
0000
0000
0000
0000
0000
0000
0000
0000
0000
0000
0000
0000
0000
0000
0000
0000
0000
0000
0000
0000
0000
0000
0000
0000
0000
0000
0000
0000
0000
0000
0000
0000
0000
0000
0000
0000
0000
0000
0000
0000
0000
0000
0000
0000
0000
0000
0000
0000
0000
0000
0000
0000
0000
0000
0000
0000
0000
0000
0000
0000
0000
0000
0000
0000
0000
0000
0000
0000
0000
0000
0000
0000
0000
0000
0000
0000
0000
0000
0000
0000
0000
0000
0000
0000
0000
0000
0000
0000
0000
0000
0000
0000
0000
0000
0000
0000
0000
0000
0000
0000
0000
0000
0000
0000
0000
0000
0000
0000
0000
0000
0000
0000
0000
0000
0000
0000
0000
0000
0000
0000
0000
0000
0000
0000
0000
0000
0000
0000
0000
0000
0000
0000
0000
0000
0000
0000
0000
0000
0000
0000
0000
0000
0000
0000
0000
0000
0000
0000
0000
0000
0000
0000
0000
0000
0000
0000
0000
0000
0000
0000
081e
0e70
0418
08cb
f9f5
0885
f7fc
0576
03fe
01d6
fca8
026e
04c8
fbab
f52e
01c3
043b
012d
0bb7
ff2a
ff2d
fd94
fac7
c82c
f971
07dd
ff09
f9b4
0593
067b
fea7
f832
0f13
f7f5
0d47
ff1f
f919
0522
fdd8
f31f
11f2
0808
10ca
04b5
f5da
02b1
0eb4
01de
095d
faa9
011d
0ddb
ffb5
f7d1
f631
ef34
060f
fc32
0528
03f8
ff89
feb3
f6f5
fb2a
03c9
fd8c
03ba
fe37
0184
ff42
fe0f
fc8c
00a7
fe71
fcb7
04b7
fa4c
fee4
01b9
fa44
fcde
06c1
ffeb
0269
0828
0093
fbc3
fa87
2713
00f2
06df
0cde
eef6
f922
0705
067f
04da
0484
0543
fabf
0190
f534
fbd3
0939
f8d1
f26e
fd46
072e
07bd
fca0
fade
0372
fe96
fa51
fb80
fda6
fbe5
0336
ffa7
fd1b
0479
04c9
fdd5
fd22
fe42
03d1
fe07
094d
f4e6
ff77
00c9
fd0c
06e3
fd62
009f
034d
01d1
00e5
fe6a
0e32
fb16
0f51
f911
0930
ef0a
0244
fe77
f695
0465
e1ff
f6d2
f900
35e9
f2e6
fe62
ffa8
f301
0a35
fa5b
fe5c
0961
07aa
065d
f851
0839
f918
f7e3
0a40
0c3e
fb95
f429
fb8a
fb0d
f160
01c9
fddb
fb8a
06c4
0181
f5d2
0181
fa78
0027
fcca
07e0
0aae
f23e
edfc
04f9
03d3
093d
0525
f1d4
0272
f9c1
04bf
0116
0bee
f0f9
0ade
f703
fe3b
f900
0784
0637
fb1a
f1ba
04bd
facf
0517
fa6d
01aa
eb91
035f
fd89
c10b
fa9b
0439
ffcc
f52f
035e
ffd9
ff91
0325
09ac
0953
09fb
fd81
062a
0ea7
0488
f60c
0e7a
047d
069b
f96d
fa41
119d
0eab
030d
ff4b
fa00
f96a
1f70
fb7d
f307
f4cb
f4a8
07cd
0693
0358
031e
f985
fb3c
ed5c
0775
f26e
f2c4
fbb7
0201
f4b1
00b3
fb74
f27a
037a
ffdb
fcd8
0568
f908
069e
ff10
ffa8
07a0
0425
ffd2
02a5
fada
fa0d
f148
fa7a
4985
ff83
0537
0ae8
f42f
ffb0
0b42
0e17
0f57
05c2
0d65
f3bb
102d
ebb7
f913
0c99
f562
e927
faec
0452
107a
f66f
fc99
fee8
f86e
e859
f9cd
015d
06d1
025a
034f
02b7
f784
0a09
f649
05e1
f820
06ea
fff3
112d
ff20
01ab
006f
01d6
10a6
0479
0159
071a
0267
0566
0342
0a70
ff99
086a
fde6
059e
ea9e
0083
06a9
01f3
ffc3
f3a1
f08a
02a0
3b4c
ff69
0395
fe09
07eb
0a94
0626
fe7d
fa13
fb09
0246
02aa
0727
f63a
f86f
0d51
08f1
fca4
f317
fd64
02a2
f615
0057
025a
0261
0817
ff4e
e341
f5e7
fa5d
f93c
f8bb
0586
066a
f7f1
f2c6
075e
f8f0
0995
0ca3
fabf
017c
ff6a
07b2
ffee
0300
f887
0787
fbfb
fb98
00a2
095c
0ab9
fedc
f3a7
00d1
fcac
03bf
fec1
03dc
fcb8
01a4
02c3
c7fc
fe66
06ff
fa24
fd9f
0248
05ab
ff7e
ffcf
fc41
03f6
03d9
ff97
03ef
07ee
00bf
fcf6
1167
fe11
087d
00eb
f701
03f3
0ab4
0069
00e3
ffef
00cc
118b
0259
f8cf
f68e
ecf6
02cf
f9a7
0179
fe54
fe09
0219
f870
fb4d
f10f
f6a4
f047
08ac
f5c3
03cc
fe58
f92a
0a2a
fecf
02af
037d
f9b5
0258
ffec
fe60
04f1
fe31
03ce
ffbb
02d2
fffe
fa53
0682
45c8
f8de
06dd
088f
ecc1
fb6c
0473
048f
fd29
031f
05c3
f800
0970
f27b
fdf1
0c3c
fd15
f4e3
ff2b
00ed
0ee2
f6da
ff17
fcc1
fed7
f352
0b1b
02f1
ffe8
0167
01cd
fda7
ffed
08d0
fccd
0c20
f4a4
03c0
f72e
0852
04e2
0260
fc8f
0266
055d
fc34
ff7f
0070
f8cd
00c6
f98a
08a9
0259
0b1b
fc73
041a
f127
03e7
0217
fcfa
febe
eab8
f99a
f9f2
3b85
f10c
0317
0169
f242
0f8e
044e
fba3
fa5c
05ac
00ac
02d0
09c5
fc1d
fec7
0af7
080f
ff65
f427
fad7
0975
f764
ff2c
fed7
017e
058e
045f
f48a
ffb2
01cb
fcd8
ff55
0c97
039f
f9c2
efb3
0330
00f5
0d26
0456
0000
0000
0000
0000
0000
0000
0000
0000
0000
0000
0000
0000
0000
0000
0000
0000
0000
0000
0000
0000
0000
0000
0000
0000
0000
0000
0000
0000
0000
0000
0000
0000
0000
0000
0000
0000
0000
0000
0000
0000
0000
0000
0000
0000
0000
0000
0000
0000
0000
0000
0000
0000
0000
0000
0000
0000
0000
0000
0000
0000
0000
0000
0000
0000
0000
0000
0000
0000
0000
0000
0000
0000
0000
0000
0000
0000
0000
0000
0000
0000
0000
0000
0000
0000
0000
0000
0000
0000
0000
0000
0000
0000
0000
0000
0000
0000
0000
0000
0000
0000
0000
0000
0000
0000
0000
0000
0000
0000
0000
0000
0000
0000
0000
0000
0000
0000
0000
0000
0000
0000
0000
0000
0000
0000
0000
0000
0000
0000
0000
0000
0000
0000
0000
0000
0000
0000
0000
0000
0000
0000
0000
0000
0000
0000
0000
0000
0000
0000
0000
0000
0000
0000
0000
0000
0000
0000
0000
0000
0000
0000
0000
0000
0000
0000
0000
0000
0000
0000
0000
0000
0000
0000
0000
0000
0000
0000
0000
0000
0000
0000
0000
0000
0000
0000
0000
0000
0000
0000
0000
0000
0000
0000
edd9
f338
15bb
fb98
fdea
fec1
f31b
fe0d
1104
fb37
ffd3
10d9
ff8d
0af2
01b1
1af6
05c3
fd75
00b7
f3c9
0117
0606
ff24
0344
f2e7
0699
eee8
07fa
e6fc
ec4f
1091
0785
e73b
07a8
0354
0bd0
f2b2
0066
0bc2
f4bd
f883
e351
f9ab
12ea
0531
f5b2
faa0
1262
fe3c
01a0
f826
28b9
feb6
071a
fead
a98a
f465
0208
04f3
f008
c2b6
e49f
1025
fc71
fa9a
078e
054d
f8b0
032c
0101
02fc
032c
fd8e
00ad
fe74
008d
fe62
01fb
0477
00ae
0327
f9cd
0028
ff69
ffcd
04f7
f8a1
eb33
e802
fe15
fe5d
f82c
f769
077f
116c
f2c5
036e
088e
05bb
051c
ff0a
0022
08dd
009d
01a7
fb73
01b1
0682
fe36
fc63
f94e
01ff
03f7
ffaa
01bc
004e
0449
ff5c
0a43
04da
f949
0b45
0346
fb9c
0169
f496
ed06
039e
f0ca
04f1
fa43
f754
fc89
f9a4
003d
063b
0124
feac
090b
0354
0395
f067
f6ef
008c
f679
0cbb
07d7
fe10
fb14
05be
0bca
380e
f34f
f9e9
fc43
02d2
e5ce
1b32
f647
eb20
0271
0add
fab5
0475
f46f
fd24
0bed
f5a0
fe61
1351
fd4e
fd78
f7d6
0cde
0080
f700
02cd
dff4
f9f7
f4d6
043c
0485
f68c
0a89
fe29
f19f
164f
01ae
193a
0d8d
1d08
fcbe
0b60
fced
0ad7
f50b
04e0
fcf2
f1bf
fd9d
111e
fbb7
0537
06d4
0615
01fb
01b3
046f
01fe
0370
fea8
01c2
0196
fc3c
fe74
07fc
ff48
fdc7
f5bc
00ee
e6bc
ef14
11dd
0891
e6bb
f4a5
0bdd
01c4
f19e
f56d
fa07
f76d
0258
eb88
0227
150b
04f7
0800
fbf9
104b
036c
062a
fc8c
1c99
ffd3
06f0
f6c7
bd04
f20c
0445
07ab
ed81
caac
e610
10a1
fd0f
f756
fc3c
0212
fbdc
0651
04d7
0b62
0795
ff9d
0682
f4b6
fe74
fac5
011e
01b1
00a5
0020
e9b1
057e
ff52
0b32
0251
ec89
db71
d347
0520
01d7
eef3
011b
0a90
fee1
01e6
fd1d
0b5d
0bef
0ca3
0303
0331
123f
f521
f86e
f3e0
0262
095d
faf0
f226
f9f3
fbd3
ffb3
068f
f904
fa68
00a1
0128
f6eb
fbc7
081b
fe1b
fa9e
fc1a
ff43
ef23
ede8
12d5
fdac
fa33
02c9
f82d
00af
016e
0030
0404
06ec
003c
13eb
0132
fda6
ee36
f6e5
fcfa
f977
09e4
ff48
fd21
0215
071f
0b1b
3797
f875
fb60
f363
fed0
e350
1864
f8a1
ef20
f9fe
038e
f818
0028
f748
05a3
0ce9
f671
fd5b
0bfe
fb22
043c
f955
0989
04a1
023f
fdc0
e8b3
f206
fe85
04e2
fbda
fb3c
0ac3
fb29
eec0
1a29
099e
1103
0f3a
1e39
f19b
1ca6
05dc
0336
fc16
0d98
ffa5
f7c0
fd97
0f1d
fc4c
065e
062d
fc77
044f
01ed
0cfd
f807
076f
022d
f937
f9eb
ff41
0147
0b6f
fc59
ff52
f671
09ad
e3c7
ec47
1c36
0738
ff9e
f6c7
0c59
02e6
f0ca
040c
fd42
fbc8
04b9
e86e
ff7a
1482
040d
0572
fcf1
0a46
0390
02ec
0442
1990
0104
fe95
f990
c2c9
f690
0422
04cb
e875
c894
e13e
06af
f814
0270
fa7c
0131
0174
02a5
0331
ff0d
04af
fee6
fe0a
fb72
ff79
f9be
03d3
ffc1
fe4a
fa6e
f808
fdb9
fecf
02c2
ff6b
eff8
f698
e035
09da
fe3b
f962
f869
0889
fd27
f833
fc28
ff19
025a
028a
026d
042d
0219
f9cd
07c9
fc86
025b
05b4
f93a
f6ba
fccd
0684
f9fd
fc9c
fa8a
fce9
0065
05ae
f8bd
f4da
0359
fb7f
00bd
f633
fff9
ee2f
ea47
0b0a
017c
f922
041a
fbad
0a3d
02db
fe9b
0030
067e
014d
172c
ffb8
ffde
ef80
fd09
fa4c
f9ab
077b
fc80
f905
0031
01a3
0627
380e
f8a6
02bf
f67f
00e2
e938
19a2
f1c6
ea44
fc31
feff
f75e
f7b9
f582
fea6
0bdf
f61d
0368
0e44
fc95
06c5
0049
075d
fdfd
f78b
fb28
ee8d
f638
f841
0302
fe48
03e0
093f
fda8
eba3
13b9
0c06
1cfe
1356
1753
f61c
0000
0000
0000
0000
0000
0000
0000
0000
0000
0000
0000
0000
0000
0000
0000
0000
0000
0000
0000
0000
0000
0000
0000
0000
0000
0000
0000
0000
0000
0000
0000
0000
0000
0000
0000
0000
0000
0000
0000
0000
0000
0000
0000
0000
0000
0000
0000
0000
0000
0000
0000
0000
0000
0000
0000
0000
0000
0000
0000
0000
0000
0000
0000
0000
0000
0000
0000
0000
0000
0000
0000
0000
0000
0000
0000
0000
0000
0000
0000
0000
0000
0000
0000
0000
0000
0000
0000
0000
0000
0000
0000
0000
0000
0000
0000
0000
0000
0000
0000
0000
0000
0000
0000
0000
0000
0000
0000
0000
0000
0000
0000
0000
0000
0000
0000
0000
0000
0000
0000
0000
0000
0000
0000
0000
0000
0000
0000
0000
0000
0000
0000
0000
0000
0000
0000
0000
0000
0000
0000
0000
0000
0000
0000
0000
0000
0000
0000
0000
0000
0000
0000
0000
0000
0000
0000
0000
0000
0000
0000
0000
0000
0000
0000
0000
0000
0000
0000
0000
0000
0000
0000
0000
0000
0000
0000
0000
0000
0000
0000
0000
0000
0000
0000
0000
0000
0000
0000
0000
0000
0000
0000
0000
fff8
0026
fffd
fffd
ffec
ffff
0017
0009
0035
ffe3
ffe2
0003
0009
ffef
0000
ffbf
0005
001e
ffa0
ffe1
0098
ff85
0c6b
031c
ff27
100d
04e2
0768
012f
00eb
04b7
ff7c
ffff
0009
0000
002e
000f
fffb
0019
0005
ffdd
ffe8
fff3
ffda
002b
ffec
0021
0035
0025
ffd2
0024
fedc
ff29
ff1b
05cc
012d
02c7
f078
f565
0119
0033
ffa1
0c23
0084
fffe
0023
0008
ffe3
fff9
ffff
001c
ffe2
0002
000f
fff6
fff1
fff6
0008
ffe7
0006
fff6
004f
ffd6
ffe3
ffc2
0038
002c
ffbf
ff2e
fe5b
fe17
012c
f627
0142
003b
085d
ffeb
fff1
000d
fff6
0009
0029
0002
0010
ffdb
ffd7
ffed
0019
0007
0007
fff9
0018
0011
001d
fff6
ffdb
000c
ffdc
0044
ff81
00ec
fe4e
ff5e
ffb5
f9df
f9b9
f0ec
06f1
0002
fff7
fff4
ffe7
fff0
fff2
fffe
0005
fffb
fff4
fff2
ffe6
0008
000d
0006
ffe4
000e
fff5
0001
ffe7
0002
0001
025c
0014
005f
0785
0056
001d
0094
ffb0
fdf0
f9ce
0000
0004
0000
0013
0008
0005
fffa
fff9
fff9
001b
000d
0005
0016
fff9
001a
0003
ffd1
0004
fff1
0011
ffc2
ffe9
01aa
ffd4
fffc
08e0
005d
ffc3
f8dc
fdd7
ff8a
035c
ffac
fbfc
fc11
fd26
04cf
fc10
fc9e
f3f5
fc9d
f6ff
035d
f4de
0129
0778
f4d2
1121
06a9
fb30
fb17
0c93
fc30
f9ed
2ac7
ff29
04ba
c584
0757
1322
f9df
0566
08c0
021e
0237
fd98
06be
0242
0203
f8be
f754
0b18
fe9f
0755
f321
0181
f7e4
05a6
08d7
fe6d
f625
f792
f8f7
e68f
1055
f998
0ccb
faa5
f797
0044
f2bf
f689
f735
08b3
fbce
018a
03f5
052e
fca9
06ac
0022
fa12
0dfa
fb56
f75a
0761
f9ea
e7f6
0366
fcc5
fab2
fa8f
f66a
ed1b
fbfa
04a0
ff10
04bd
15a1
f889
0dda
f66f
0258
00a6
f4bc
0174
ff8e
0612
0443
f82e
069b
07ce
f85e
fa02
0850
04ab
05c7
1406
0804
fb54
f0ec
00af
0063
07bf
fd69
fb01
027f
02d4
ff64
0172
fa2e
fda4
43e6
00fd
fe7d
0379
fdbb
f753
f7cb
1060
fdff
ff32
01cd
02a5
0bd8
0a81
fcf2
f03e
fece
0254
19ff
02b1
0efb
f903
fbdb
0022
fe62
f3d6
fd1d
fa5d
06fb
fe0a
1dda
0911
01f5
fe9b
f9ad
0768
00f3
0395
0835
fafa
00c8
fdce
0573
ff1e
fdf5
01b4
0cf7
fa32
0f78
028d
fe8c
00b0
06af
f76a
f463
06e7
049f
fd6e
0089
0226
072d
ee70
f9b8
0963
fefa
b8bb
ff43
f754
faf9
fa74
0454
f965
0068
043c
f697
03c7
0390
01f2
f997
f1fc
ffc0
f315
0a30
f832
0390
0e76
058d
0750
0d0d
ffaa
012c
0d49
0133
fef4
2401
06a0
0418
c612
ff0d
02ad
0510
0e8a
14a0
fcbb
02d2
ff95
02e5
0532
051b
f4e8
f821
053b
0545
0db4
f8f6
0844
06d2
0ce3
0ae0
06c6
03f4
fe4a
0556
e9d0
0890
0e3e
0733
fe64
fcaf
0354
eeea
ffe4
fdc9
0a13
fb73
0198
fded
0787
f239
05f5
0c02
f6f0
0ba4
fa72
fc5c
ff09
f570
ddda
0592
f6cb
01bb
fd1e
0167
e635
f48c
02e4
00d0
0747
0910
f97d
114d
f568
0a1e
fedc
eed2
ff0a
fc3b
0820
0a95
fdde
01cb
073c
f024
030d
04b3
0c1a
0317
1542
fb1e
ffbc
fce8
fe67
f437
fd7f
011e
fb5a
02ac
ffcb
0c37
f750
057f
ee06
4c53
05ad
043c
f7de
006d
f157
fdc0
0327
fdad
0707
fc4e
0778
0e1e
09a8
f956
ee64
fc02
09ec
2499
f95c
0dec
0434
f773
f62c
0523
f977
fcde
0a2f
0320
faad
1db2
05f5
f616
f8c4
f30c
016b
fb99
f77a
01ac
f63b
03b2
ff37
0a3c
0588
067c
0a60
105d
f489
0a28
02be
ffad
0538
0545
03a0
f308
04dc
105f
f395
02fc
09b5
ffb0
fcf4
fc66
fc8b
0662
b6b1
fb6a
fb5c
0a56
041a
f9f7
feaf
0000
0000
0000
0000
0000
0000
0000
0000
0000
0000
0000
0000
0000
0000
0000
0000
0000
0000
0000
0000
0000
0000
0000
0000
0000
0000
0000
0000
0000
0000
0000
0000
0000
0000
0000
0000
0000
0000
0000
0000
0000
0000
0000
0000
0000
0000
0000
0000
0000
0000
0000
0000
0000
0000
0000
0000
0000
0000
0000
0000
0000
0000
0000
0000
0000
0000
0000
0000
0000
0000
0000
0000
0000
0000
0000
0000
0000
0000
0000
0000
0000
0000
0000
0000
0000
0000
0000
0000
0000
0000
0000
0000
0000
0000
0000
0000
0000
0000
0000
0000
0000
0000
0000
0000
0000
0000
0000
0000
0000
0000
0000
0000
0000
0000
0000
0000
0000
0000
0000
0000
0000
0000
0000
0000
0000
0000
0000
0000
0000
0000
0000
0000
0000
0000
0000
0000
0000
0000
0000
0000
0000
0000
0000
0000
0000
0000
0000
0000
0000
0000
0000
0000
0000
0000
0000
0000
0000
0000
0000
0000
0000
0000
0000
0000
0000
0000
0000
0000
0000
0000
0000
0000
0000
0000
0000
0000
0000
0000
0000
0000
0000
0000
0000
0000
0000
0000
0000
0000
0000
0000
0000
0000
000b
ffec
0011
0007
fff7
fffb
fffb
0002
fffb
ffed
0008
fffc
0007
0012
fff9
0000
fff7
ffee
0011
0027
0009
000d
0039
ff75
ff1f
0045
fed3
ffe7
01ae
0054
011a
01d1
0008
0003
0000
0006
0003
fffc
fff7
fff9
fffc
0005
001a
ffeb
0002
000e
fffc
0004
0018
0017
fffb
0002
ffc3
ffcf
0016
008d
0088
0032
fcb2
ffc7
01bf
f661
0108
0259
ffff
fff9
ffed
0004
0017
ffff
0009
0006
fff4
fff9
fff2
000e
fff7
fffd
fffd
ffec
ffdd
ffde
001e
ffdc
ffd5
fff1
000e
ffed
0062
000e
ffe5
ffda
0108
0039
0039
ff25
fff9
001f
ffed
ffe7
0000
0010
0006
fffd
0000
0003
fff7
fffa
0008
fffa
fff3
0013
0001
0008
0005
ffc0
ffd9
0012
0059
ffc8
ff14
ffe2
ffc7
ffab
f323
ff63
0d5e
f9cf
0011
fff9
fffb
ffef
fffb
fff0
0004
ffdb
000d
fff7
ffdd
ffec
fff8
0016
001c
fff7
001f
0014
0006
002a
000d
ffa6
0029
0089
ffd8
fff4
ffb5
003a
00c4
0325
01f9
1415
ffe6
000c
fff1
0001
0003
0008
fffb
0004
0016
fff2
0004
0030
ffe2
fff4
0011
0002
0003
002b
0015
0035
fffe
fff9
0012
0013
008f
0040
feab
01c5
fdb7
fcae
0a44
fe11
f871
f586
fd93
f6bb
029b
0aa8
ff76
f3ee
f750
ecd2
f86f
ffc7
f224
03b1
fe1d
fd7c
fc19
ffb6
fe2b
f50d
0538
fec7
fb4b
0160
0af9
00fc
f92e
003f
03c1
fa31
0396
064e
066f
0992
fbbe
083b
0262
0497
ffd2
f975
fec0
f988
04da
0048
f7e6
051c
0f59
027a
02df
fe69
007a
0411
f887
fccd
ff94
03c3
37b6
02ea
00ac
fdd3
fd0a
0088
0345
feb6
f5b7
0584
0788
fedd
011a
0a6d
f78a
0f99
03d4
0ed4
05de
fc52
039a
f3fb
0062
fa23
fc3d
0df5
ffb2
12ae
ff7c
f2fa
fdd4
ff20
f5f3
00b5
fba2
069d
fd35
f8ee
fd2e
fe11
ff89
faca
06bf
06df
0559
03c7
0428
0264
ff70
0013
fcf1
13ea
05ff
fad9
ff41
0805
fcf5
01d7
034c
0264
0119
fb26
fa28
0190
c345
fa52
fca7
ff87
05d9
00b6
0574
fcea
fffd
070d
fa09
066d
fbe7
fb72
f5b3
06ef
0004
fda4
073f
02c0
fcda
ffd0
f220
fd58
03e3
f080
fc46
02a1
04bf
0204
030a
00a4
0b5c
0608
0887
f853
0844
02ae
0101
f948
ffeb
f89d
ff85
0140
fe04
f4cf
001c
0182
fef8
facd
fee7
f471
fb44
f9ae
fcc9
fa7f
0376
0082
071c
fcad
f974
fc6e
ffd0
bc67
fe60
ff8b
fdbe
0494
fd75
febe
ffef
fe33
f6a3
f522
f9ef
fa49
03f9
0b11
fe01
f213
0583
ea07
fbc0
017d
eb30
066b
0081
0524
fb82
fe41
fe9d
f4c0
03fb
fb92
0264
fd8b
0c85
033b
0023
007b
0080
0153
ff51
06d0
fe7b
ff44
fae3
086e
0828
070b
0522
fc75
024a
fadb
0173
ffd9
f71b
07a3
0e4d
fd47
05ff
0537
0360
024a
fc11
0092
ffad
f9b8
3912
0186
0058
0125
ffe3
035a
fbf8
ffb8
fab5
0b22
02e9
f97c
ffed
08f6
f411
09b2
0165
1324
0024
f526
009e
f4b4
0077
ff40
ff42
167e
f8af
ffaa
fab0
f9f7
fc6c
fdd0
f425
fbd3
01f6
0177
f9e1
ff7b
0d5b
ffb8
f8b3
ff4b
076b
0a5b
01c6
093e
03f7
047b
fbdb
0726
fefa
127b
064f
000e
03fc
06c1
fc8e
0103
ff5d
005a
006f
fb48
ffb6
fe11
c43e
ff1d
0221
0829
07f7
fed8
04bf
fc94
05e1
0da0
ff5a
0600
fc4c
f920
edc2
0660
faa8
fb13
08f4
03b5
fbf5
012d
ebc1
f76b
07ff
f187
ff78
ff06
0548
05c4
fab1
fc80
0718
ff87
02c4
fbea
04fe
0242
00ca
f59c
03a8
ff38
01b2
0a81
014b
f1ea
fb04
0138
f55d
fc1a
fbdc
e8de
f6c6
0583
ff89
f692
039b
02f2
01f8
f51f
07aa
0693
05a1
a860
f9e3
00d3
01bb
044c
0262
02cd
fb08
fd9a
0000
0000
0000
0000
0000
0000
0000
0000
0000
0000
0000
0000
0000
0000
0000
0000
0000
0000
0000
0000
0000
0000
0000
0000
0000
0000
0000
0000
0000
0000
0000
0000
0000
0000
0000
0000
0000
0000
0000
0000
0000
0000
0000
0000
0000
0000
0000
0000
0000
0000
0000
0000
0000
0000
0000
0000
0000
0000
0000
0000
0000
0000
0000
0000
0000
0000
0000
0000
0000
0000
0000
0000
0000
0000
0000
0000
0000
0000
0000
0000
0000
0000
0000
0000
0000
0000
0000
0000
0000
0000
0000
0000
0000
0000
0000
0000
0000
0000
0000
0000
0000
0000
0000
0000
0000
0000
0000
0000
0000
0000
0000
0000
0000
0000
0000
0000
0000
0000
0000
0000
0000
0000
0000
0000
0000
0000
0000
0000
0000
0000
0000
0000
0000
0000
0000
0000
0000
0000
0000
0000
0000
0000
0000
0000
0000
0000
0000
0000
0000
0000
0000
0000
0000
0000
0000
0000
0000
0000
0000
0000
0000
0000
0000
0000
0000
0000
0000
0000
0000
0000
0000
0000
0000
0000
0000
0000
0000
0000
0000
0000
0000
0000
0000
0000
0000
0000
0000
0000
0000
0000
0000
0000
000e
0003
0005
fff1
fff0
fff7
0019
fffc
001a
ffff
0016
ffed
0024
ffcf
ffba
fff6
0012
0004
000e
002c
ffb1
ffbd
0016
00af
0031
fe00
fe8a
0004
ffc3
0186
1e62
0b3e
000b
001a
001d
fffb
fff6
ffe5
0009
0003
0009
0014
ffdf
fff0
0022
fff1
ffe7
ffde
0002
0024
ffd5
002f
fff5
ffaa
0059
0098
ffd9
ffa5
fe37
ff3a
04dc
ff1a
f4dc
fb5f
0013
fff9
0015
fff3
ffef
0003
ffef
ffe6
ffdb
fff7
0005
fff0
ffec
fff4
0026
fffc
ffcf
0013
0018
ffaa
ffdd
ffad
fee3
ffc3
fe72
00e8
00a6
ff57
05a9
00b4
f9b6
18e0
0016
0005
fff2
fffc
fff2
0009
0022
001c
ffeb
0007
fffe
0019
0049
001b
fffd
0042
0026
0007
0018
0039
007a
ffb8
0051
0019
ffe8
0039
00af
002a
048b
fb52
109e
0d31
0016
0006
fffe
ffef
fffe
ffe2
0012
ffe5
0002
ffe9
fffa
ffea
ffe4
0014
0029
0001
ffd8
0029
0001
000e
0041
ffc8
ffb0
ff62
ffc9
ff74
fead
ffd2
fc69
1b03
f752
f898
0015
0007
fffe
fffc
0010
fffd
000a
fffa
0009
0032
0019
0003
0012
001d
fff8
fff7
0003
fff4
0002
ffde
fff9
ffbc
003b
00ef
00ea
01c0
0015
003a
fc53
fa2d
f0fd
f47f
00fb
090d
fd98
06c7
f61c
0330
00ac
ffc7
f6de
efc1
fe60
0faa
0376
0106
01c7
f91c
1192
f5cd
fd91
f569
087f
f070
027d
4b9b
0363
1155
f6dd
fcba
06c4
0771
f202
e33e
fecd
fa17
0122
072c
04ef
0767
f94c
0533
0154
f1c1
05bb
1202
0331
0ff3
fb39
03dd
0320
f294
fbcf
f4e9
053e
f3d1
0301
0000
f6b1
0f52
0ec4
f3cf
f88d
0ac4
f101
fd21
0250
fe3b
f8d6
fc9d
020e
0330
087a
110c
f568
0cc8
f6ee
fc09
24ad
168b
ff39
09f2
1294
e9ad
0a9f
fa88
0746
01ff
fbf9
fda6
fed3
10c7
f009
fdd5
0994
f0d5
0933
0239
fff0
042d
fdfa
0056
0f58
f7a0
03f9
07ed
0d36
ff0d
0bf3
17df
004b
0b9f
fa60
fad3
fa51
07e2
fd7b
0ebc
06df
f150
3548
000d
13be
13f6
f0ad
0ea8
e2a6
19fd
e8e4
d391
031e
fe36
fd45
fd6d
08d9
0775
fd5a
006e
086a
0a08
f705
fe2b
08d1
f839
ecea
f1c9
0442
f5ef
0380
f801
0006
ff86
f74d
036c
0b17
0149
06a7
05e9
06c3
eadf
f2c1
f2d5
ff4f
027b
fb65
016e
01ac
06ee
05cb
0771
0905
0964
f8f7
fe62
f7e1
fb9a
ffff
03d1
019d
ffb2
fbc5
01d0
ff29
04c1
0015
4d64
fed0
faf2
01c6
0bbc
00b6
e439
f90b
1a1b
019c
0e59
ffaa
08bd
f937
fde0
07b6
02b7
eefe
eb71
fd2a
02a9
01d0
09ac
03e1
fdc5
1722
0198
02e7
05f3
fad5
f7cb
f7be
49fd
0e81
0cde
f957
f045
fca6
f9a1
ecd4
e36e
fb9f
00c9
0522
098b
0758
0f73
f4de
fe52
029c
eeae
0406
121f
019b
151c
fe45
0223
07f8
f732
fefc
f2c1
0679
fb1b
0221
fbcf
f9e8
0f3e
02c9
0506
06e9
0f11
f787
ffb1
020d
010d
fa28
fc15
0036
069d
0c09
1242
f6c8
1117
f526
fe73
13f6
0ef6
00b8
06e7
1c5b
ee10
fd04
f838
ffdc
0401
0661
fdad
fb76
03d9
027b
fb71
fe46
e2f7
1181
001f
03ec
026f
fb0a
fc10
0d01
f784
01ac
0787
0d6f
0124
0206
1c4e
0313
fead
efb0
fbcc
fe00
ff1d
06cc
1875
02fa
f406
37f5
071c
0bd0
0ed9
ff7f
010e
e07c
0af0
f2f7
e1ec
0177
fa64
fe71
fb9a
0ca5
07fd
0185
0980
00a8
087e
f78a
0074
03df
fac7
ee98
f834
0543
f135
f6e1
f70b
ffca
045f
f88e
04e7
0855
fd01
0bd4
02f5
fb75
e5da
ffe8
e321
0035
0199
f878
0236
07cf
07b9
05e1
07ea
0d67
08c4
0471
fc8f
fcda
fc68
0038
012e
fca6
fdd8
f976
070c
0885
01a0
066e
4653
f586
fa43
040f
ffcd
01d6
ddd8
fde6
11bb
0000
0000
0000
0000
0000
0000
0000
0000
0000
0000
0000
0000
0000
0000
0000
0000
0000
0000
0000
0000
0000
0000
0000
0000
0000
0000
0000
0000
0000
0000
0000
0000
0000
0000
0000
0000
0000
0000
0000
0000
0000
0000
0000
0000
0000
0000
0000
0000
0000
0000
0000
0000
0000
0000
0000
0000
0000
0000
0000
0000
0000
0000
0000
0000
0000
0000
0000
0000
0000
0000
0000
0000
0000
0000
0000
0000
0000
0000
0000
0000
0000
0000
0000
0000
0000
0000
0000
0000
0000
0000
0000
0000
0000
0000
0000
0000
0000
0000
0000
0000
0000
0000
0000
0000
0000
0000
0000
0000
0000
0000
0000
0000
0000
0000
0000
0000
0000
0000
0000
0000
0000
0000
0000
0000
0000
0000
0000
0000
0000
0000
0000
0000
0000
0000
0000
0000
0000
0000
0000
0000
0000
0000
0000
0000
0000
0000
0000
0000
0000
0000
0000
0000
0000
0000
0000
0000
0000
0000
0000
0000
0000
0000
0000
0000
0000
0000
0000
0000
0000
0000
0000
0000
0000
0000
0000
0000
0000
0000
0000
0000
0000
0000
0000
0000
0000
0000
0000
0000
0000
0000
0000
0000
fffe
ffec
0014
fff3
ffee
000b
0002
fffe
fffa
0014
001d
ffe6
ffdd
002e
000d
ffe1
fff1
ffb7
0004
ffe0
fff2
0044
0072
010b
005f
02c5
009d
fedc
003f
0202
fa7a
f8f0
002b
fff0
ffdc
0016
0012
ffe2
ffe4
0010
ffdd
003e
0017
ffdf
0027
fffa
001a
0027
fffa
0004
ff93
ff84
ffdb
ffb8
ff52
0048
0207
ffa5
0161
015e
00d4
fff8
ddb4
f866
fffd
ffec
0011
ffed
ffec
fff8
000e
0006
ffd2
ffe4
ffec
fff8
0017
0003
fff7
ffee
0010
ffd4
ffb9
0030
ffa5
ff66
fcae
ff03
feab
f7e0
08f9
fd41
0081
09ca
0009
fc99
fff8
0011
ffef
000f
0011
0023
0003
ffdb
0015
ffdd
fffc
ffed
0034
ffd9
0021
ffdc
fffc
fff6
000b
fff0
ffde
ff8d
fd57
ff80
fd17
002c
f1b0
ff9a
004e
f6ef
146b
0a49
0001
fffa
fffe
fff8
ffff
0007
fff8
001a
0004
fff3
ffe7
0010
0009
ffdc
ffea
0029
fffa
ffff
0014
0000
0012
0006
000e
0005
00f2
002c
0055
004b
003a
0116
06c4
17d7
0005
fff1
fffe
0007
0006
fffa
ffe5
0004
0002
0009
fff6
0010
0001
001e
002e
fffd
0028
ffcc
fff3
ffd0
fff4
0014
003b
0009
fcb2
0087
000d
005f
ffc9
f81d
06e6
0be2
0403
00f3
fe16
07e0
04f8
06af
07ec
fe00
0810
03e3
eea4
0636
f8dd
f362
ff65
08f0
f7a9
038d
03e8
0558
fb95
f9eb
074b
fbcd
fa5a
0494
f719
090e
024f
0331
ff5a
0439
fb3b
0115
0640
0042
fa3c
0285
065a
ef77
fb22
f1c6
f82e
f494
0853
0775
f6de
e7a6
f917
fe47
f30f
1186
0305
fff6
f348
a08d
0295
04d5
f10f
08ab
06a2
f637
fec5
f86c
0272
ff96
010a
f601
0700
fec3
0313
f78d
08a4
0348
030c
0914
fdfd
06ce
f973
04da
0358
f6a8
05c0
ffd0
fe0f
f7d3
d2e9
0324
07ff
fb9f
b4d4
f5fd
0225
09bc
0214
ff21
f953
fbad
f998
009c
00d6
fec5
04d1
fbfb
fd01
0121
013f
f941
095e
0e04
08f1
09dc
0283
0e8c
095f
0008
f4b6
050f
fb1a
0cee
f7ac
00e7
078f
eccd
00ee
f0c6
15ca
fcd1
023b
0336
02e3
fca1
048c
fd2a
f984
fbf2
033a
0dd5
f9e8
0108
f3b6
0eb6
1098
03ca
0692
fc18
fd85
fec2
01c4
f434
f49b
fe3f
f4ed
f721
f68b
f932
01be
d90d
0446
fd85
00df
ff19
fe0f
fc0c
038d
fc6e
021e
fa60
fa9e
08a1
0973
f9e1
044b
066b
00d0
eba6
0668
fe0e
efb0
f3b0
0003
01b5
f4ad
fb92
cc52
0ed9
f644
032d
f344
ea36
f29d
e77c
0ca9
fe0d
f3a2
07ec
0fe5
fc4f
f285
fac4
0d43
0226
f96a
0b49
fe00
f49f
ff11
fdef
00f1
0261
07f6
07d3
08a0
06f5
0e8d
fcdc
0682
0729
02c3
00f6
0bec
0647
0521
0646
0440
0b14
05fd
00b5
00b4
09f4
096b
edbd
fa48
f8f4
f6e4
f3aa
fdf0
0882
01d3
e09b
f594
fca4
f772
0d31
0436
ff5d
0052
acdb
0371
0b94
fed4
0e01
0030
ff58
0498
f60f
0d43
ff48
06ce
f817
07d6
023a
0049
ecd4
0bc6
0323
0b53
02de
f903
078c
faa2
ff8f
031d
fbb2
000c
0840
fa4c
fe92
dadd
ff0c
fef8
f43d
bbe7
f3d1
fc0f
fcf0
0239
01f4
ff03
fc5e
efe5
faba
0f78
f985
fdcf
fac1
0226
0802
0971
f510
1040
07ac
053f
0bc8
fd71
0eea
0777
06ad
e7aa
055e
fa1b
ffed
f732
0085
0b8a
f64d
032e
e765
0b27
051d
08e8
0a43
05d6
f96f
05d0
053d
f3e4
0336
0358
11b0
fe91
03fa
f63b
105c
0d43
fb65
062d
f00e
fe9f
fbb6
ff78
f4fa
f84b
fa2e
f5f3
fa57
fac7
f51a
0233
e1ae
05b0
f87a
01f2
002e
ff2d
f782
0c2b
fb0c
0be9
f7a8
fa59
0016
1095
f09d
0a38
01f3
ff1b
f461
fd2a
07d7
f65d
0316
f8ba
0af2
f458
03b1
dcc5
0cc0
f948
fed4
0334
e86a
e9fb
e8ce
0000
0000
0000
0000
0000
0000
0000
0000
0000
0000
0000
0000
0000
0000
0000
0000
0000
0000
0000
0000
0000
0000
0000
0000
0000
0000
0000
0000
0000
0000
0000
0000
0000
0000
0000
0000
0000
0000
0000
0000
0000
0000
0000
0000
0000
0000
0000
0000
0000
0000
0000
0000
0000
0000
0000
0000
0000
0000
0000
0000
0000
0000
0000
0000
0000
0000
0000
0000
0000
0000
0000
0000
0000
0000
0000
0000
0000
0000
0000
0000
0000
0000
0000
0000
0000
0000
0000
0000
0000
0000
0000
0000
0000
0000
0000
0000
0000
0000
0000
0000
0000
0000
0000
0000
0000
0000
0000
0000
0000
0000
0000
0000
0000
0000
0000
0000
0000
0000
0000
0000
0000
0000
0000
0000
0000
0000
0000
0000
0000
0000
0000
0000
0000
0000
0000
0000
0000
0000
0000
0000
0000
0000
0000
0000
0000
0000
0000
0000
0000
0000
0000
0000
0000
0000
0000
0000
0000
0000
0000
0000
0000
0000
0000
0000
0000
0000
0000
0000
0000
0000
0000
0000
0000
0000
0000
0000
0000
0000
0000
0000
0000
0000
0000
0000
0000
0000
0000
0000
0000
0000
0000
0000
0000
0006
ffe8
ffee
ffd0
001b
0011
0002
fff8
0005
ffe9
0020
0002
ffd3
ffde
fffa
ffc8
0011
fffd
0055
ffda
ffea
0213
0099
ffe2
0317
faec
ff74
fa97
f775
06ad
0276
0002
ffec
0000
001f
fffd
fff1
0013
0009
fff5
0016
0008
000b
fffa
fff9
000a
0013
ffff
0017
ffef
ffbb
002d
0054
fe67
fff3
ffa0
03fd
014a
fbf9
ff1c
f49b
0565
05c3
0007
ffdb
001a
0005
0000
001a
0003
0012
fff3
0003
0026
002c
fffa
ffd2
fff2
ffe6
fff4
ffbc
0008
0003
fffc
fff8
ffc6
ff54
ffca
fdc9
ffb0
015e
018f
fe3d
0314
fd8c
fffc
0006
0014
0022
0010
000a
ffee
ffe2
000f
ffe0
0011
fff9
fffb
0002
ffe3
fff5
0037
0028
000d
0006
ffc6
0052
0012
0032
ff86
ff09
fea9
fe2b
feac
e4e3
ffd5
fc26
0003
0002
fffc
fff8
fff3
ffff
0013
0001
ffe2
000c
0017
0000
ffed
0026
002c
ffdd
000d
002e
ffa0
ffa1
0026
0038
00dd
00d3
fc92
fd49
0232
fee8
1d86
0173
fd6d
f9e8
000d
000c
0007
000c
ffff
0027
0000
fff3
ffed
000f
ffe5
0004
0022
fff5
ffca
000f
ffdf
fffb
001b
ffb1
ffd9
ffe8
00c1
feae
0035
fd5e
ff50
ffb3
fea0
08f9
0b6e
0185
1588
e5e4
f9a5
0e30
06ba
02bf
f254
f9dd
f11f
0aa5
fd97
0795
ef79
fef4
f96a
026a
fd5d
02ab
f66c
f115
f3d6
f96c
fd23
f7c3
f9aa
eead
0028
ff85
f611
eea2
00ec
1459
1bc6
0c88
0a30
08da
ff34
fbd2
0023
ef39
0243
045f
114f
041f
003f
fe45
fe55
0739
fc45
e9c0
f9f7
fb84
0022
fc2c
db3b
0127
fee1
b3e6
043d
f07c
0dbf
f8e2
0fa7
fe0c
06d0
f94d
f690
026e
fb62
06b8
085c
e865
f4f9
f6b3
f347
f7c9
ed36
f392
028c
0599
0b55
2398
07d9
ffd3
fb3c
03b8
f198
0604
f328
f991
0124
016c
01f8
f289
06bb
0912
08e5
0a61
faa6
f1b3
f8cb
f3f8
04ea
fefb
03fe
f8b5
f6ce
f7e3
019d
f80f
fd36
f168
fe64
02af
f3cd
0365
f972
0bff
0833
434e
fd3b
01d9
fbbb
ecec
fb76
1132
f57c
fa9f
fbc7
0949
01a4
f8b2
f872
03f5
0f6d
f90d
fc10
0563
eccd
fe59
fa25
0164
fd0f
e92d
fdef
dd00
fac5
ff87
fc53
fb4f
fd63
f910
0340
f344
03c8
fbec
0156
1172
fe39
f6b9
fd1c
fc15
fc9b
f997
0aca
0425
feab
fbd6
10c4
0250
fb7e
03fb
eb0b
0ce4
080a
0ce7
f31d
fe9e
016f
faae
f0a6
fdfc
0007
a0ac
f301
07eb
03ee
00b0
f6af
1762
06ac
f4fd
f3e4
e1d4
f987
07ec
fe94
fc63
ec68
0208
e56b
0cb8
01dd
0bad
f3d3
fc0f
f79f
02ca
0267
0974
f8e0
efcc
fdd8
fd28
01bd
f909
f811
eb86
faf6
0849
f580
f158
0209
0ba8
1fa4
faec
0a6b
0b32
fed5
f15e
fd48
f478
fbe0
0189
0c50
0785
fed4
ff00
0c61
03e6
02c5
eaa5
fc29
0203
fb22
fa11
e43b
003b
fb4e
b07e
0b17
f2b9
0c04
f863
09d9
fab6
02d8
ef0c
f414
06ac
00d7
142e
fa26
e9c4
e913
f563
ec97
f059
e9fc
fe39
f8f6
038d
0101
2149
fb7c
fdc6
fdd1
f449
fa94
08c7
f998
f6bb
058c
fd57
ff6b
ed32
0635
0444
0fb7
0df1
f145
f432
f88b
ed79
0e6d
fd81
fe4d
fa59
f0ab
f7dd
0a25
f7d4
fe0f
ea18
0282
067f
f7c5
08a7
0141
066e
0496
44f8
fa2f
f8f6
f6fc
eab0
f0f1
124a
03b3
fb16
0139
0e83
0107
fab5
ecc8
019f
11aa
f6a3
f7f9
00f4
ee37
07a8
fea6
00ca
f8d8
efee
024c
dcf8
0628
0329
f0f6
04fb
fc2a
f8d8
f9f1
fd0a
fce8
f9fd
f5e7
08bf
0915
f895
f1d4
0b57
fa9a
f976
0d57
03e3
0180
0832
0cec
016c
04b8
010d
f379
08a5
0edf
0604
fdb2
f795
fcea
f75d
fb24
ffc1
063c
a69b
020d
018d
0559
073f
f8d9
153f
0766
f6bb
0000
0000
0000
0000
0000
0000
0000
0000
0000
0000
0000
0000
0000
0000
0000
0000
0000
0000
0000
0000
0000
0000
0000
0000
0000
0000
0000
0000
0000
0000
0000
0000
0000
0000
0000
0000
0000
0000
0000
0000
0000
0000
0000
0000
0000
0000
0000
0000
0000
0000
0000
0000
0000
0000
0000
0000
0000
0000
0000
0000
0000
0000
0000
0000
0000
0000
0000
0000
0000
0000
0000
0000
0000
0000
0000
0000
0000
0000
0000
0000
0000
0000
0000
0000
0000
0000
0000
0000
0000
0000
0000
0000
0000
0000
0000
0000
0000
0000
0000
0000
0000
0000
0000
0000
0000
0000
0000
0000
0000
0000
0000
0000
0000
0000
0000
0000
0000
0000
0000
0000
0000
0000
0000
0000
0000
0000
0000
0000
0000
0000
0000
0000
0000
0000
0000
0000
0000
0000
0000
0000
0000
0000
0000
0000
0000
0000
0000
0000
0000
0000
0000
0000
0000
0000
0000
0000
0000
0000
0000
0000
0000
0000
0000
0000
0000
0000
0000
0000
0000
0000
0000
0000
0000
0000
0000
0000
0000
0000
0000
0000
0000
0000
0000
0000
0000
0000
0000
0000
0000
0000
0000
0000
ffff
0008
fff5
0003
000d
fff6
fff4
fff8
fff9
0017
0004
fff2
fff4
0014
0028
ffea
0005
fff7
0009
ffbd
004b
0015
ff82
007b
0178
ff9a
ff8c
feaa
0407
fcda
f179
0381
fffb
fff7
0002
fffa
0002
0002
0006
0005
0018
0009
fff2
0002
fffd
ffef
0006
ffec
0006
0012
fff8
001e
ffc3
0024
0031
ffb6
00eb
fdc6
02b4
ff71
00df
025c
e429
04e9
0014
0004
0015
001d
0023
0004
0014
ffe3
fffb
fff1
ffc6
fff9
ffd8
0043
001c
0015
ffcc
ff8f
ffce
fff6
fff6
ffd5
00da
ff57
ff68
ff31
000d
fe48
005b
009d
f301
e38c
0016
000e
ffef
0005
fff3
0012
fff7
fffc
ffee
000a
ffd1
000d
0005
0007
ffe7
ffba
0050
ffd0
ffce
ffc2
0013
0055
0083
00b7
ffb8
0141
ff55
0233
fe53
fc45
f6f0
f472
0001
0004
0008
fffc
000d
0008
000f
000d
0009
fff9
fffb
0012
ffff
fff2
fff2
fffe
003b
ffc7
0015
fff8
fff5
0004
0005
0068
ff5d
fef8
fe5b
0220
01c7
fc80
f2d9
fd68
0002
fff8
0014
0019
0017
0013
ffed
ffef
fff1
ffef
0007
ffe4
000d
fff9
fff0
ffed
ffd6
0000
ffc9
0008
0011
0001
000b
ffa9
0007
0053
ffa1
0148
01e8
ff5a
e496
0179
0403
00bc
fa05
fbae
fcdd
fe88
0060
05f5
f86b
f5ba
fbb4
fd54
047f
fde8
0fb3
f762
0805
0b97
0745
f155
0752
007a
f8be
07f2
53a4
0864
078a
edc9
00b7
0233
dc7b
0ba2
0232
0019
ff9d
ff41
fab4
070c
ffe5
0b73
0280
fa02
ffa6
04ec
f941
f4b4
ef79
0479
fbbd
01ec
f0a5
03e1
0258
f2ad
f5fe
f633
f5b6
fedd
f390
fcac
081c
0e4b
10e2
12bf
02ab
fd91
031b
04ab
0261
036b
fafb
04f1
f52b
fc38
ff47
f1c7
01ab
f153
f722
f6b8
ff7c
004c
f324
fcd0
fd4d
f425
3672
fa07
0e03
0206
097b
05a9
08ae
0684
eb7c
066f
fe60
fde9
fc51
03d3
fe25
ff6d
faf3
049c
0047
fcd0
03ea
ec77
0764
faaf
fa8f
0f46
0919
0444
1518
ff43
fad2
fe8d
0586
ff53
0f3a
052a
0099
0b98
f2f4
e838
180a
2984
11cd
f415
0d79
07aa
0780
07dd
e734
0ed5
0a13
fa35
0d41
fd18
f9bc
f9b8
ffa7
0048
f9da
0618
09dd
f8ff
fdc8
fbba
fd0c
f9ca
0327
f60c
faaf
01d5
faaa
f97c
e41a
f868
fff6
02ae
fb66
f3dd
0268
ff37
f9eb
0103
04fa
03a8
06ca
0834
eaa6
044f
0398
1477
01ab
0054
00ee
125d
001b
0ad4
f384
acad
0664
065f
f564
f72b
fa93
ed57
1d1d
fc2f
fc35
ffb4
fb2e
00b1
0041
fe17
0120
02e3
fb1b
f76b
fe8d
f7d6
0903
03e3
0c6c
02e5
0ad3
09af
0c6b
02c3
f7a4
ff67
fd19
029f
4023
f863
0299
ee50
01f0
044e
dc61
092e
094e
056f
fafd
f96c
fd30
07c1
0241
0a6f
03e1
fc0f
fa5b
047c
fd7d
f811
f72c
036b
fdf9
0c90
ef57
07ab
0181
f58c
f5fa
f781
f54a
08e3
fc30
f8a6
00c1
14d9
186c
19fe
016c
feeb
074f
0143
0751
0254
0016
fec8
f11a
fb32
fcab
ff49
0545
f79d
f383
ef04
f42b
055d
f516
0911
06c7
f54d
359f
05de
e5c7
01ff
d51c
1e96
f69a
058e
edd8
2de0
02ea
fb31
0072
062c
fcb6
01a2
f8c2
03c2
03e9
f9cb
042a
ef1c
06a8
feb5
f20d
140d
1014
0156
1294
fd9b
f8f7
0b30
0e5f
02ed
f549
2e32
068f
1388
058a
149f
0efa
2610
0fc0
f2ff
0c14
10f5
0489
0d59
ed56
0aff
146f
026c
044a
ff2a
fed4
faf3
fa47
02a4
fff9
0afc
042a
fb0c
0e6d
fc14
fb90
f946
fd68
f4f8
fca6
fcec
055f
f7ef
ee86
f362
132a
f165
fe6b
f8bd
06a4
fd63
f55b
036a
fe14
fb53
0776
1089
edeb
0ad2
fe3b
0cf3
0b08
0777
fa69
129d
0f3b
0c26
f4ae
b0a1
02f4
06d8
f056
fb55
0492
ea92
23eb
0129
0000
0000
0000
0000
0000
0000
0000
0000
0000
0000
0000
0000
0000
0000
0000
0000
0000
0000
0000
0000
0000
0000
0000
0000
0000
0000
0000
0000
0000
0000
0000
0000
0000
0000
0000
0000
0000
0000
0000
0000
0000
0000
0000
0000
0000
0000
0000
0000
0000
0000
0000
0000
0000
0000
0000
0000
0000
0000
0000
0000
0000
0000
0000
0000
0000
0000
0000
0000
0000
0000
0000
0000
0000
0000
0000
0000
0000
0000
0000
0000
0000
0000
0000
0000
0000
0000
0000
0000
0000
0000
0000
0000
0000
0000
0000
0000
0000
0000
0000
0000
0000
0000
0000
0000
0000
0000
0000
0000
0000
0000
0000
0000
0000
0000
0000
0000
0000
0000
0000
0000
0000
0000
0000
0000
0000
0000
0000
0000
0000
0000
0000
0000
0000
0000
0000
0000
0000
0000
0000
0000
0000
0000
0000
0000
0000
0000
0000
0000
0000
0000
0000
0000
0000
0000
0000
0000
0000
0000
0000
0000
0000
0000
0000
0000
0000
0000
0000
0000
0000
0000
0000
0000
0000
0000
0000
0000
0000
0000
0000
0000
0000
0000
0000
0000
0000
0000
0000
0000
0000
0000
0000
0000
0002
0009
0008
fff5
fffc
fffb
0014
0012
001a
ffe5
ffde
000a
fffc
000f
0012
0014
002f
0002
fffd
000c
0019
0005
fff2
0055
00a3
005a
ff16
0005
feea
1414
0043
feee
fffb
000f
ffff
0008
0012
fff0
000b
ffeb
000b
fff4
0003
fff5
ffeb
ffda
0006
ffff
fffe
ffdc
000e
0010
001c
ffe1
0016
0008
ffc3
ff9b
ff8e
ff92
fff9
fa5d
fe76
fbf5
0009
ffe8
fffb
0002
0013
fff1
fff5
fffe
0002
001a
fffe
0000
fff0
0011
0001
fffa
0010
ffd5
ffc7
003f
0011
ffeb
ff86
ffa4
ffbf
0008
fee6
ffef
00b6
002a
faf7
e840
fffc
fff3
ffff
001d
fff9
fff9
ffdf
0019
fffb
000e
fff7
ffff
ffef
0007
000b
0005
0009
ffe0
ffda
ffe6
001f
fffe
ffb6
ffa9
0116
fff2
003e
fd9b
034b
ffa4
00e2
0814
fff2
0009
000e
fffc
001c
ffff
fff6
0008
000d
fffa
001c
ffdf
fffd
0007
000d
0025
ffe6
0000
0046
fff8
000e
0024
ffd2
ff7c
ffd7
0083
ff89
ffee
0152
fd61
f0ec
12bc
ffee
000c
0001
0009
fff4
0003
0007
ffed
ffff
0013
0011
fff1
fffc
ffe1
0022
001e
0006
0000
ff53
0092
ffc5
000c
ff42
0036
ffd6
ffc0
007f
ff5d
0119
ff6e
fab5
0842
f812
0a6e
0300
06bc
fce8
003a
fefe
f78f
fcb3
06a5
06cc
fd83
fc71
fa9d
077f
f4c4
f98f
0136
fe9d
04f3
08f5
fcb7
001a
f6d2
f2ba
0405
0639
fced
facf
fd3c
0716
073b
fc0b
fc29
f798
07c7
ffd7
003f
f33f
0ae6
f2ff
fc05
027c
0499
ea95
036c
ffa6
02d4
076a
0120
f86f
f0fc
03f7
fd85
00ce
f94b
c108
0664
05f4
0e65
f91a
f1fc
07e0
ff80
fa2c
07a8
ff40
008c
f984
084c
00d6
02b3
07dd
0bd3
0d4a
fc78
03e9
08cb
185c
00f8
0205
0df8
03bf
ffb4
fded
05ec
0499
fb9d
4a7c
0af2
f8b0
fef1
ff3d
0a43
f73f
05d9
078f
0715
0979
f3f5
fa5e
0682
07c2
fa08
0394
f18b
f863
faa0
fd4f
fb26
fd25
ff7f
fe24
0b76
060b
f7ba
080b
f15d
fb56
fc96
f248
fa3a
fdcf
f619
0b6b
fd5f
f9e7
1281
ffea
0144
ffd1
0110
fff8
ff8f
012b
fdbb
fc6d
020c
ff32
fe93
fcda
fb74
fd55
03e0
0ff7
ff88
ee0e
fd99
e4ad
0723
13b3
ecd4
08f8
fc43
f617
05aa
0254
f71f
163f
f38e
0135
ffe7
00aa
ffa4
0116
ff32
0080
01bd
fde1
01b7
fa7f
0586
ff16
034c
04d7
fb10
0a4d
06fc
f03f
f8ab
df73
ff44
fb19
f91e
0c36
0df4
f783
0921
fb14
f5fd
1af2
f230
fd28
07ea
09e9
07bc
ff7e
fcda
03d5
fa34
f8b5
0340
1337
041d
fbc9
0705
090a
eb4b
fb93
064c
f6be
00ee
0184
f59c
0006
014f
edf6
0817
091c
fbd8
f979
fc2f
0369
00e5
f69d
00d7
f86d
0f10
0038
ff0b
edde
08bd
f410
fb74
0653
07f3
f1fe
0832
fba2
0104
01ce
0044
eff1
fe07
0981
f79a
ff2c
f390
c0f3
0646
05bb
0e03
fdc0
f6df
0089
f442
f4ab
0710
ffcb
0d98
00f7
0e5b
fcd8
048d
fb6b
0ab4
0fa9
fa52
0973
00cd
186e
fce7
098b
142f
0855
0497
fbed
ff3e
0027
f8af
35a3
011a
fa34
f6c7
fe7c
0801
f597
0771
fed3
07e2
0bce
fa26
fe4d
0183
05e2
eb72
083d
f0af
ffe5
f9be
f89f
0088
0080
ff57
f7d3
0a49
08ae
fb97
0dbb
0618
00ed
039c
e830
0017
fbf1
ffeb
0ea9
02ef
085a
15fc
fe2f
ff46
ffa8
00a6
0088
012b
fe18
fe2f
fefd
0080
ffd6
fe6a
fbcb
f9dc
ff6e
086c
0b70
0405
f274
f9ff
eef4
1121
0a04
f788
ff5d
e5d4
0e13
022e
dc1f
ef3a
2c1c
eb43
ffb5
010f
003f
ffb9
fec1
0016
01b6
fe7a
fcdd
022e
fa6f
04c4
0103
01fb
026f
fa15
07c2
f5b8
e6c6
046f
e31f
ff31
f01c
1093
02ea
f985
3435
0206
0dde
1894
3113
e625
0000
0000
0000
0000
0000
0000
0000
0000
0000
0000
0000
0000
0000
0000
0000
0000
0000
0000
0000
0000
0000
0000
0000
0000
0000
0000
0000
0000
0000
0000
0000
0000
0000
0000
0000
0000
0000
0000
0000
0000
0000
0000
0000
0000
0000
0000
0000
0000
0000
0000
0000
0000
0000
0000
0000
0000
0000
0000
0000
0000
0000
0000
0000
0000
0000
0000
0000
0000
0000
0000
0000
0000
0000
0000
0000
0000
0000
0000
0000
0000
0000
0000
0000
0000
0000
0000
0000
0000
0000
0000
0000
0000
0000
0000
0000
0000
0000
0000
0000
0000
0000
0000
0000
0000
0000
0000
0000
0000
0000
0000
0000
0000
0000
0000
0000
0000
0000
0000
0000
0000
0000
0000
0000
0000
0000
0000
0000
0000
0000
0000
0000
0000
0000
0000
0000
0000
0000
0000
0000
0000
0000
0000
0000
0000
0000
0000
0000
0000
0000
0000
0000
0000
0000
0000
0000
0000
0000
0000
0000
0000
0000
0000
0000
0000
0000
0000
0000
0000
0000
0000
0000
0000
0000
0000
0000
0000
0000
0000
0000
0000
0000
0000
0000
0000
0000
0000
0000
0000
0000
0000
0000
0000
0001
fff2
000b
ffff
fff4
0002
0005
fffc
fff0
fffc
002e
0011
fff1
ffe4
ffe1
0001
001f
0017
0046
ffff
ffca
0040
ffe7
fe8c
ffab
ffa7
002b
fdc4
fc70
ff31
01ff
fc04
000b
000c
fff8
fffd
0013
ffe7
fffc
fff3
ffde
0013
ffff
fff2
ffea
ffe7
000c
0019
0007
ffd5
0036
0043
ffe9
fe9f
000a
ffe6
00a2
0138
0303
f341
fe1c
0588
10f5
fdce
ffe7
0005
fffd
000b
fff8
fffd
fff0
fff4
000f
fff6
fff0
001e
000b
ffe5
0017
ffed
001d
0024
ffea
0035
001f
0038
ff8e
0032
fffc
0075
ffc9
0110
0082
0151
fd0c
0ea1
0007
0003
fff6
fff9
fffe
fffe
fffb
ffff
ffef
0015
000d
ffff
000d
000f
ffe4
ffde
0022
002f
ffe2
0048
000b
0042
ff7d
000d
00f4
008f
00f2
0058
005f
0113
038a
f411
fffd
002f
fffa
001a
000f
0001
ffef
ffef
0007
ffe0
ffdb
0017
0004
0019
ffee
0027
000e
fff9
ffff
0018
000f
0022
0011
00f3
0024
ff69
0025
ef02
003b
febb
022c
0132
fff6
0010
ffe8
0014
0000
fff9
0002
ffe8
000e
fffb
fff8
fff1
000b
0017
0003
0012
000b
ffdb
ffeb
000e
ffed
0024
0017
fff9
002b
007e
fea2
ff3f
fe42
00c5
fea5
fd65
fc08
fdf0
0456
0079
05a2
ff5a
f4cf
fc5d
fda5
fcb6
fe3e
0aeb
0591
08c6
0165
fde2
fd9d
f548
0771
10aa
03d8
fed1
013c
bbaa
ffee
fe0f
0058
f477
fc57
fd50
0216
fbc7
fe9f
fec5
02d6
04af
fef3
fdcc
0249
f671
03f7
fe42
0541
febc
0570
0e6c
fa10
0979
ef6e
f873
038f
032e
fcd4
fb07
fb41
0732
ff0a
0780
03cf
08c7
07fe
049a
060f
f7cd
0d05
fd28
fa42
f51b
003b
0a0a
047a
086e
0eb1
ff03
edc0
061b
fcfc
f6ce
071a
020f
10a5
036d
0735
0026
043f
fb71
f780
57cc
f9ef
0483
00a0
03cb
f6be
05e4
f833
e895
0ad0
f6a3
0a19
0aec
077f
05b7
0328
ff8b
ff7d
f921
0363
ff5a
f9a6
0c45
06dd
fe54
01e6
098f
f936
f60b
fa3c
fe22
06cc
fd2c
ff1e
fcf3
0542
0017
1068
fa1a
fcff
eb67
0d1b
fc51
025c
f4a3
f97a
f35f
0ca0
1283
fbf2
0dfe
fc94
037b
0286
fca6
fb1c
092d
02b7
0782
0757
feaf
01f3
0317
fe60
3df2
0487
f9a2
f882
1350
ff08
fdbe
fc5f
0698
0f9d
f504
0cc2
ef43
02b7
fa98
04e8
fd0a
037f
e406
0165
09f7
fca4
ff75
05b9
ff07
f66f
1fd5
04c2
0684
0266
ff57
fb86
f93b
f9d6
02a2
048b
1ed3
ffa3
fe99
f925
f520
000f
fcb6
030d
fc73
0768
008d
f848
ff71
050e
fc02
fd85
04e2
0108
107f
02b2
fe57
005d
ee71
013d
1283
0478
fe5e
fdea
b6b0
009a
ff94
fe78
f306
fef4
f98d
0823
ffa2
fa4d
fc22
05e4
0900
0292
fcf8
fd13
f85d
0582
f659
0a97
ff76
045a
0b2d
fe25
0130
f3cc
fa40
fe1a
010d
f9ea
fa47
ffbf
05b7
0061
08dd
ff90
0882
0906
0a03
fccc
f5c3
fd2b
06a5
f460
f29a
fa30
0bd4
0302
0da8
0894
fd83
ed92
0186
0156
00a1
0c0a
f90c
06d6
028b
00a7
fa0a
0311
fab4
ff6d
4d48
fe58
00c7
081b
04b8
fae7
0861
fd4d
e644
1458
f97e
04cd
06e0
0adb
06fa
f844
013c
fc1f
fa34
fe8b
01d8
fb9c
03f2
0ec1
fe01
02c1
093c
fc4c
f143
f7de
fee3
055b
fa97
fa3d
fd96
0535
002b
0777
fc0b
fc95
eb7e
f920
071c
f47c
fbe5
ff47
efa0
0bc3
1441
0077
0697
0c88
01a0
037c
f913
fa4d
09c6
053d
0535
0519
fbf9
fc20
0025
fda7
47db
fc8f
0063
fe38
14b9
fd67
fbd3
ffbb
02c7
15ae
f450
1029
ef33
0c79
fa86
07c8
0d23
096e
e57d
fc7f
0d90
f857
0407
08e1
faef
faa8
21ec
0377
0eb9
f89d
03fb
08a3
f94d
008a
ffd7
0174
1a77
04c8
0719
fac7
fd26
0000
0000
0000
0000
0000
0000
0000
0000
0000
0000
0000
0000
0000
0000
0000
0000
0000
0000
0000
0000
0000
0000
0000
0000
0000
0000
0000
0000
0000
0000
0000
0000
0000
0000
0000
0000
0000
0000
0000
0000
0000
0000
0000
0000
0000
0000
0000
0000
0000
0000
0000
0000
0000
0000
0000
0000
0000
0000
0000
0000
0000
0000
0000
0000
0000
0000
0000
0000
0000
0000
0000
0000
0000
0000
0000
0000
0000
0000
0000
0000
0000
0000
0000
0000
0000
0000
0000
0000
0000
0000
0000
0000
0000
0000
0000
0000
0000
0000
0000
0000
0000
0000
0000
0000
0000
0000
0000
0000
0000
0000
0000
0000
0000
0000
0000
0000
0000
0000
0000
0000
0000
0000
0000
0000
0000
0000
0000
0000
0000
0000
0000
0000
0000
0000
0000
0000
0000
0000
0000
0000
0000
0000
0000
0000
0000
0000
0000
0000
0000
0000
0000
0000
0000
0000
0000
0000
0000
0000
0000
0000
0000
0000
0000
0000
0000
0000
0000
0000
0000
0000
0000
0000
0000
0000
0000
0000
0000
0000
0000
0000
0000
0000
0000
0000
0000
0000
0000
0000
0000
0000
0000
0000
ffe6
0008
fffe
ffea
fff6
ffd8
001b
ffde
000c
0009
001f
fffa
ffd1
fff5
0017
0016
000b
fff8
ffb8
ffdc
000e
0053
ffef
fef5
006c
ff50
fe4e
fb08
029d
f5a4
0444
1153
000a
0024
ffee
000e
ffef
0002
000c
ffd3
0010
0003
ffe5
fffc
0009
0008
ffff
ffd9
0002
0033
0007
0073
ffcc
fff6
ff66
fee3
0031
00b3
0039
0209
fd37
febf
038d
1629
fff9
0005
0019
0008
fff0
fffe
001a
fff5
001b
ffdd
ffe8
ffe4
ffe8
fffc
ffee
ffbf
002e
ffe9
fff5
0028
ffca
010a
ffef
0036
ff7a
00a5
ffae
0026
069f
f112
fb0b
e8be
000e
ffdd
ffed
0006
0028
ffd4
0014
001c
0011
ffe6
001d
001e
ffe8
ffdb
0023
fff9
0058
ff9e
fff8
0022
00c0
0097
ff56
ffb1
febb
00d0
00ce
fd73
059f
0a17
fd8d
f8c3
000f
0013
fffb
fff5
ffeb
fff1
0002
001e
0015
ffed
ffe7
000f
ffe6
001d
002f
002c
fff9
000a
002d
ffff
0080
00a2
0028
00b6
0035
00da
fefe
0076
fe73
09d2
04d6
064f
0006
fff3
001b
0017
ffdc
fff4
ffeb
001b
0004
fff9
0014
ffcc
ffcf
fff9
000d
0003
0001
0010
002e
fffa
ffca
ff92
004f
ff1c
ffa4
ff68
ff7f
fdc8
fe4d
f7b5
09a8
eb50
0054
0200
0b45
0785
f309
01db
0129
0285
00a2
107d
f83d
fe88
035b
0024
100f
06f5
0c39
fafb
0325
1f52
0098
f403
b968
00e1
f730
fd67
fe2b
fbb1
0572
16ed
0144
196a
f7be
f75f
04be
004f
f5df
058c
feac
0b94
0a1b
f231
0961
fb8f
0e31
00ab
03ec
0171
06b6
dedd
fbfd
f7ea
f7cc
077b
ed10
fb17
017f
1210
f7e0
0140
ffe0
fd88
055d
e13b
fdaa
0269
ff14
f9f1
0543
f5b1
ff80
0648
fd92
fcd0
0955
05e1
041f
f81e
0e34
fd17
0a8d
0729
065d
fabe
0664
2054
f1f7
fbff
f52a
0262
f6bb
eb58
f330
102a
ee06
0820
0072
fad2
0074
0155
00ad
0192
f982
ff29
f544
0621
0020
fe46
fede
05ec
f49b
08c7
f9aa
fe09
fb35
e386
0a09
1a00
fc4c
090f
0420
f47c
fd17
f005
08db
22b7
1e4f
165b
ff9a
056d
fd65
0319
096f
faf4
f6c5
f974
f9f5
feba
002c
fce2
046a
fb28
eeec
10b6
f7ad
e91a
f91e
fd8d
0bb9
2f53
0835
f997
0509
0afc
0f77
029a
fd05
00a4
037d
e096
ffe7
fa3a
0720
01e1
00ea
fbc6
08fa
f134
050f
07df
0978
01dd
15b7
fc32
09c2
f438
ffc0
febe
f812
dea9
fe4e
fd36
f6b9
ffdd
0328
08dd
fcea
f60e
fe0f
e311
dd35
03c0
0fb8
0a88
feef
fd12
f51a
04f8
02d7
0396
0294
124c
f0ca
01c0
0a19
01b3
0913
0e68
07ec
f814
f574
1ac2
fb3d
f9f1
b3a6
fb80
f542
00c0
f684
fe15
0fb1
1805
fb30
0d42
02f3
fd9c
1117
fe40
f22e
09f1
fb03
0a5e
0b1d
f73b
02e1
0377
0a2b
03f2
0170
0c42
00c4
d6fb
fa44
fc91
fb6a
05f3
f36d
ff2d
fcc0
0396
f6c2
07e4
07fc
0f2b
0a4e
e51a
ff67
085e
ffde
f623
01d9
f577
0520
0720
fe2a
fcb3
0d2d
08a2
fd8c
f374
0340
07ca
016a
00db
fcc8
fcb7
fa0e
1fac
01f7
03f7
ea38
04e9
ef57
f6da
f2de
0732
f1d1
113c
0582
fef1
fd57
fe75
0219
fdb8
f7bf
fddf
f66b
0534
0042
02d9
02ee
082f
fbc3
0c21
fd3e
f752
f837
e8d9
0937
19af
fb98
0e87
f36d
fad3
fdc8
025f
045d
2857
19d4
2cdd
fbc2
0117
fb03
0658
0a25
f777
fe54
fe7e
fa18
06a6
05e4
f2b0
ff67
fa10
f21c
1306
f738
f101
00b1
0071
0d72
2b86
0a7f
05fd
0c59
0aac
1a1f
efa5
03ec
f11b
1d08
d789
0664
f6e0
09a2
0e8a
045d
f965
07a4
efb5
04ef
1446
035d
013c
0490
fec0
0bbc
f6ae
fca6
0678
eaa6
f08e
f8e9
0935
e641
f2d8
0e8a
10b3
038b
0474
ea54
e038
e5ba
0e88
0000
0000
0000
0000
0000
0000
0000
0000
0000
0000
0000
0000
0000
0000
0000
0000
0000
0000
0000
0000
0000
0000
0000
0000
0000
0000
0000
0000
0000
0000
0000
0000
0000
0000
0000
0000
0000
0000
0000
0000
0000
0000
0000
0000
0000
0000
0000
0000
0000
0000
0000
0000
0000
0000
0000
0000
0000
0000
0000
0000
0000
0000
0000
0000
0000
0000
0000
0000
0000
0000
0000
0000
0000
0000
0000
0000
0000
0000
0000
0000
0000
0000
0000
0000
0000
0000
0000
0000
0000
0000
0000
0000
0000
0000
0000
0000
0000
0000
0000
0000
0000
0000
0000
0000
0000
0000
0000
0000
0000
0000
0000
0000
0000
0000
0000
0000
0000
0000
0000
0000
0000
0000
0000
0000
0000
0000
0000
0000
0000
0000
0000
0000
0000
0000
0000
0000
0000
0000
0000
0000
0000
0000
0000
0000
0000
0000
0000
0000
0000
0000
0000
0000
0000
0000
0000
0000
0000
0000
0000
0000
0000
0000
0000
0000
0000
0000
0000
0000
0000
0000
0000
0000
0000
0000
0000
0000
0000
0000
0000
0000
0000
0000
0000
0000
0000
0000
0000
0000
0000
0000
0000
0000
fff5
fff9
ffea
0015
0004
ffe2
ffed
fffa
ffe2
000c
ffe7
0011
ffe3
ffce
ffdc
0016
ffab
ffe6
0028
0033
fff8
fffe
ffbf
0035
ffe3
fe25
02b2
00ae
1318
fd77
f80c
e491
ffea
ffdb
0007
ffe4
fff2
000b
0021
000e
000e
0024
0007
ffef
0018
0007
ffff
ffe3
0002
ffdb
ffe5
007e
0025
ffeb
ffdd
0032
ff65
ff64
0129
ff86
fa55
fe11
fda6
0bff
fff5
ffeb
000a
0004
fffb
001b
ffe9
000d
0005
0009
fff4
0002
000b
001c
0004
001e
fff7
ffef
0025
0022
0024
0018
01df
00a4
0054
02de
ff85
001a
07ec
f939
f8d5
ffc2
0003
fffe
fff1
ffe8
fff8
0026
ffe8
fff0
ffec
fffb
fffc
fffa
0001
0003
fff4
000b
001e
0020
ffd8
ffa4
ffb3
0086
018b
007c
00ed
f9b3
fe20
fea4
021c
02f2
002c
0a53
fffd
0001
0001
ffea
fffc
0021
0015
fffb
000d
ffff
001c
ffd4
0036
fff9
0023
fffe
fff7
ffcb
00a5
ffea
ffe2
0002
ffb7
fea6
00e7
ff6d
01e2
0100
fb88
fe92
0197
22f8
ffff
0001
0010
000d
000b
fff9
ffe6
ffdd
ffed
0014
001d
0017
ffea
0005
ffeb
000f
0004
0008
ffa7
0032
ffb2
ffb5
0063
ff95
00a2
ffa4
009b
fd19
fd1f
036c
ff8a
f5dd
f9a9
fc96
fe4b
fd79
f2af
04a3
fed4
f911
0741
f573
0700
0b6e
0e8a
103a
001f
ffb1
0bc6
fe19
0040
fab2
0b0c
1330
c3aa
14cc
eee6
09b1
0d08
06ad
e3f1
f345
0e37
0e35
0658
09b2
04f0
0d96
034d
fe38
fc42
e675
00e1
f5cd
fef3
04e6
f33a
045e
01f5
0ca8
fc32
0323
0823
dcc8
0243
0916
f20d
0091
fdc2
fe63
f5e1
0cc9
de54
ff4b
ef1a
0dca
013a
0659
060d
0093
ffaf
09a6
fe0f
055b
03f2
fc7c
017c
0c06
f265
f2aa
091e
008c
fd7a
1699
04ae
ee01
fe82
fd66
307d
f6ec
fea5
bba3
fc34
06ba
0c5c
05da
fb66
fff0
fc40
0292
fa9c
0465
f5aa
050c
023a
fae4
0762
f95d
f52f
fd38
fc9a
fa41
fc81
fb82
f60f
0121
fe4c
00a8
f914
072e
fbd1
f36f
f39d
0725
0634
0ad2
fa24
ff47
0455
ea25
0478
03ca
fb3d
06a2
0a62
fe3d
f69a
f967
0501
09e4
eedd
0389
f605
15ef
f341
0145
132b
fef3
dd8c
ef0c
ea5d
feb6
0164
d9f9
fe8e
125b
fcc9
1494
0023
0161
f5bf
e60a
0074
fb04
ff14
f74e
f335
0544
0255
0546
0f43
fc98
030d
f188
02c0
f20d
fef8
fd5f
ec88
0636
031f
f05e
1271
fb3d
06e4
fe88
0c66
0db9
fb3a
0261
f218
1452
faa1
d384
f11c
f672
fe3b
f56c
efc1
0ea3
05a8
f81b
014c
f4c9
19c5
003c
1919
0702
fe8e
0059
0739
0427
f3f4
f796
ffe6
ff12
bbca
169c
f4ac
04c6
13d8
0c3b
d8b6
ead2
ff88
11fb
fccd
02a3
04a1
11b8
01a1
029a
f743
e561
0c34
f432
07ee
0751
ee3d
fc44
01aa
1431
0116
fc6e
1474
d4ab
f6d0
0865
f60d
0623
0640
fb39
f309
0024
d549
048f
f88b
1c34
fbf6
fdb4
0863
f327
0777
0a99
04c7
ffbb
0808
06b8
0cc6
0db7
e6b0
f5fd
1147
fcf6
fd4f
11ce
f66d
e7de
0394
02f9
25af
f5c6
f855
b3af
f072
0aa2
0900
0981
ffb3
08f8
fdee
1169
f66c
fc86
f5b0
0edc
ff9a
0406
08f6
f69c
f673
01e0
0421
f985
f515
fec8
f78e
ff29
02fc
00a0
01f4
ff1f
f49a
fd4b
f95d
0a86
0c3b
04d0
f19f
003a
0571
eb5c
073a
0c3e
fedb
1703
0893
f76e
ec5c
0100
05a6
1175
ee57
1827
f206
1097
fbf3
060c
1a1f
091f
e2f9
f8e8
eb0e
04da
01ff
c9e8
f8fe
07ca
f6fa
0395
e997
02b3
f0fe
d7df
0c09
0950
f9c7
faf8
f56b
043a
0040
fdc3
0d77
034f
0ae8
fd7d
fec5
f209
098e
0262
f6b7
fbb1
034d
f830
135e
fb49
0112
fc68
fc74
080d
f79e
fe3d
f390
1a7e
e9ee
d305
0000
0000
0000
0000
0000
0000
0000
0000
0000
0000
0000
0000
0000
0000
0000
0000
0000
0000
0000
0000
0000
0000
0000
0000
0000
0000
0000
0000
0000
0000
0000
0000
0000
0000
0000
0000
0000
0000
0000
0000
0000
0000
0000
0000
0000
0000
0000
0000
0000
0000
0000
0000
0000
0000
0000
0000
0000
0000
0000
0000
0000
0000
0000
0000
0000
0000
0000
0000
0000
0000
0000
0000
0000
0000
0000
0000
0000
0000
0000
0000
0000
0000
0000
0000
0000
0000
0000
0000
0000
0000
0000
0000
0000
0000
0000
0000
0000
0000
0000
0000
0000
0000
0000
0000
0000
0000
0000
0000
0000
0000
0000
0000
0000
0000
0000
0000
0000
0000
0000
0000
0000
0000
0000
0000
0000
0000
0000
0000
0000
0000
0000
0000
0000
0000
0000
0000
0000
0000
0000
0000
0000
0000
0000
0000
0000
0000
0000
0000
0000
0000
0000
0000
0000
0000
0000
0000
0000
0000
0000
0000
0000
0000
0000
0000
0000
0000
0000
0000
0000
0000
0000
0000
0000
0000
0000
0000
0000
0000
0000
0000
0000
0000
0000
0000
0000
0000
0000
0000
0000
0000
0000
0000
fffa
ffef
000b
ffe3
ffff
0006
000b
000b
0005
0011
fffd
0005
0001
0003
fffa
0011
ffff
0023
ffed
ffd3
0014
00aa
ff9d
0007
001c
0072
033c
00f7
008e
f8c6
fe0e
f1ba
001a
0001
0001
0003
ffe1
0012
fffd
0007
0016
0003
0003
0021
0008
ffea
0013
ffdf
000a
ffee
0016
ffe7
000b
0159
ffbf
0085
0153
0167
f9b0
0119
006a
02b5
f6c1
ef0a
0015
fff9
fff8
0000
fff4
0007
fff8
000f
ffee
0006
001b
0004
ffe6
fffd
0002
0004
0003
fff4
fffc
0013
0070
ffe7
ffcd
00f5
ff3b
0033
01a6
0020
0127
003b
173b
fefa
fff0
0003
fff0
0004
fff4
fff1
0018
fffc
fff0
0003
0006
0004
fff5
ffec
ffee
ffff
0006
0005
000e
0027
ffdf
ffe3
ffc2
ff89
fef3
ffad
007e
febd
ff07
003d
f6dc
fdf6
000d
ffef
0007
ffe6
000f
ffec
0018
fff8
001b
ffff
0003
001f
ffe2
002f
0021
0006
ffde
fff6
0034
005c
ffef
003a
0075
0097
ff8b
fff2
0004
fe82
ff71
fae9
0842
f949
0001
001e
0002
000b
fff8
0000
0013
001d
0008
ffe8
001d
fff1
001b
0012
0015
0007
fffc
ffcb
001a
0007
ffd9
002f
000d
0042
00f2
00de
015c
0157
fe3d
e132
f8f9
fac3
0e35
1138
0a59
0092
f970
fbfc
10a5
0063
ff91
ff9b
f60e
0be5
0540
fff0
003d
fb7c
fc98
ebf0
03d7
04eb
02ec
192a
ff44
075e
fa2c
0c52
ab6c
f622
f64f
fbae
f8b6
e0e5
eefb
0968
0728
087c
0f54
ff22
feec
05a5
f0e1
ff81
05a7
fd88
fde2
0f90
fc7b
0bbb
0053
f8d3
fad4
00b9
f713
00b1
fc08
fa87
f237
01d7
0ec5
f5d5
07c5
04ae
f17a
f7b7
fc14
fb24
0665
0a25
fd3b
08f9
fedc
0396
06aa
fe88
f7f4
f240
fdf4
f870
0e88
0339
ff7d
02f4
fc54
00fb
0204
0616
03de
004d
c537
0338
0738
f598
1101
fc51
ed2a
ea9c
09d7
f3b9
0735
078e
fd0b
fe7d
f24a
f9f9
ff38
0e88
feaf
fdcf
0479
fbb5
ff69
f3f2
fe96
1865
fdd8
f83e
f7e7
02ab
f442
ff24
0c0b
fa22
fee5
004a
fe87
035b
e433
05cc
f9f0
011f
02b0
0706
fefd
01f0
fc5f
0655
f550
0bb0
0440
f470
ff9b
e8b5
fad4
f281
0255
ff2c
f41a
e73a
03a0
093d
fffa
4543
0299
f9e0
efe5
033c
fd10
e82e
ede1
f6ed
0336
f5c2
053a
0590
0172
f156
f891
f9ce
05ca
f392
fa77
0656
fe75
067f
09b0
f760
f6b5
1010
0e2f
0448
0136
1161
07a3
fbe8
0797
fd54
005a
f982
00de
0d11
d9ad
00aa
1602
0294
053e
f3da
f1a3
faa0
1ed3
086c
03e4
f8aa
fc46
0906
0d00
017c
fc95
fa19
f8a3
ec6b
05a1
0e08
fd1a
19f4
f81d
fb65
065f
07a6
b67f
fd70
ff22
fffb
f303
dcd1
03b5
093d
131c
0743
0d9f
045e
0838
fbe3
f0b6
fd5d
015d
f9aa
06ca
0baf
fb02
0a19
025f
fd16
ff4d
fd05
ff61
faa0
fae7
fc9c
fd8b
f835
14c5
f1f3
10df
0d6f
f535
fb9f
f288
0322
f8c0
0de1
fb78
0a2f
0709
fff4
0bb0
fb3c
fa37
fbe6
00c9
fd48
0707
0125
058b
030e
fc6e
0401
013f
06f7
0083
fbad
c56d
fd93
0115
ffac
0c7f
f46a
eb8c
f209
fcd0
f83a
00cc
0ca1
fd30
02a6
f515
f73f
ff02
0e28
06dd
03dc
0761
fc43
01b2
f222
0019
095c
fd39
f297
fd29
05ad
f5a5
fc12
085d
f947
f1a7
0222
03b7
0824
ec2d
0920
fdc8
0874
fe45
0a71
063e
10ce
f6bd
0fb1
f026
0bbe
fdc1
ef87
088c
f102
f92f
f017
0069
0894
f846
eab0
052a
ffd3
f78c
47f5
0a6b
f5ec
f656
fc00
0023
df30
ee9a
ee66
f716
f9e9
1210
0517
fecc
eff9
f2a3
fa7b
020b
f422
f8d0
0ab3
fad7
0a26
0371
f94e
0482
0b61
fdd1
045c
fa6b
0123
fca3
f7fc
0279
0447
0511
f706
0036
1580
e93e
0bbf
0000
0000
0000
0000
0000
0000
0000
0000
0000
0000
0000
0000
0000
0000
0000
0000
0000
0000
0000
0000
0000
0000
0000
0000
0000
0000
0000
0000
0000
0000
0000
0000
0000
0000
0000
0000
0000
0000
0000
0000
0000
0000
0000
0000
0000
0000
0000
0000
0000
0000
0000
0000
0000
0000
0000
0000
0000
0000
0000
0000
0000
0000
0000
0000
0000
0000
0000
0000
0000
0000
0000
0000
0000
0000
0000
0000
0000
0000
0000
0000
0000
0000
0000
0000
0000
0000
0000
0000
0000
0000
0000
0000
0000
0000
0000
0000
0000
0000
0000
0000
0000
0000
0000
0000
0000
0000
0000
0000
0000
0000
0000
0000
0000
0000
0000
0000
0000
0000
0000
0000
0000
0000
0000
0000
0000
0000
0000
0000
0000
0000
0000
0000
0000
0000
0000
0000
0000
0000
0000
0000
0000
0000
0000
0000
0000
0000
0000
0000
0000
0000
0000
0000
0000
0000
0000
0000
0000
0000
0000
0000
0000
0000
0000
0000
0000
0000
0000
0000
0000
0000
0000
0000
0000
0000
0000
0000
0000
0000
0000
0000
0000
0000
0000
0000
0000
0000
0000
0000
0000
0000
0000
0000
0000
0017
000b
000a
ffe5
0013
ffe5
001b
ffec
000c
002d
0026
ffcf
ffeb
fff6
ffeb
ffae
fff4
ffdc
fff2
ffed
ffde
00c6
fff2
ffa9
0049
ffdd
fdff
fdae
fd79
e726
fd95
ffe2
000c
0005
fff2
0010
0007
fffe
0018
001e
001c
ffde
ffb1
0014
0015
0034
ffd0
0037
ffec
0007
007e
ffe5
00ad
0019
00c8
ff6e
0025
ffc2
016a
015c
fceb
1323
eea8
fffc
fff9
fff3
fff9
0003
fff9
ffef
fffa
000d
ffef
0002
ffe1
0013
fffc
000b
0032
ffdb
fffa
ffe1
000d
ffca
0077
00bf
0084
ffdf
000e
0140
fb5f
ff30
f677
0334
f781
0003
000c
ffe5
0009
fff9
fff1
ffeb
fffb
0005
0001
ffef
0008
ffdc
ffe9
001e
ffe8
fffc
000a
fff3
ffdb
0011
0041
0039
00cd
01ae
ffc9
029d
fe3c
0508
e6df
0497
f618
ffff
fff2
fff0
000f
fff7
ffdb
fffa
0001
0011
fffa
ffe2
000f
ffe3
ffdf
ffda
ffed
000a
000f
fffa
ffbf
ffaf
fff2
009f
00fa
0085
ff79
fe94
0032
fd00
fc27
fe8b
1e54
fffa
0001
ffef
fffe
0017
0000
ffec
ffd8
ffec
fffe
fff2
ffdf
fff5
0003
0005
ffec
0010
ffec
fff3
003e
003b
ff8b
fff1
feb9
00aa
011a
ff5d
fde1
0108
0580
0233
e943
fac7
0507
0243
013c
f650
face
fd04
fd74
f491
f55c
08d2
043b
f725
fb5f
ec1c
f984
fdb1
f9a5
13de
f7e2
f3e8
f8dc
0553
1101
fa6b
1679
fb8f
f565
fca9
f333
24c8
fa5d
fc3a
fc8a
0645
fda8
03bc
fc64
f5ab
034b
0721
02d4
0c8c
0a6d
09b8
f045
016d
01cf
ec3c
18dd
f4b6
0024
d6c9
1396
02df
2ced
04dc
085e
0db1
0255
02c1
1976
2954
1760
022e
fadb
ffa3
fc2a
01ff
fef8
f4fd
f557
06fc
f670
0556
0356
0002
ef43
fb1f
18cd
fc73
1169
f514
0502
054d
0a79
0416
084c
1306
e851
0993
dbe9
f97d
d9da
fdc7
f29a
fefa
ffa6
028c
01c2
f415
fd86
03ce
042a
ff90
fbfe
f8bf
fb5b
0855
f7e7
00f0
0449
ff39
fc9e
02c5
1bf1
0e6a
f7c5
ff5d
eab5
534c
fca7
0d9a
0b8d
ff00
10c4
130a
f876
fbca
033a
02b1
fb6f
0274
0934
f818
0b98
0617
0e29
01f9
0251
16d2
f749
f8da
0add
0d84
0438
fd73
1fca
08e7
1272
1c55
f53d
f7a8
00d3
0ec2
fbea
0344
fcad
fe4c
e160
0009
ff72
0145
fd41
0331
065d
0339
0aa1
fe33
0696
fd8e
fe3e
f579
ee83
fe0b
f6ee
09bc
010a
fdbb
fab0
f8d2
0ce8
0726
bb12
f0be
f6ef
f807
fd04
f375
fdcb
0abf
e61c
087c
038a
fd4d
ff36
f4ce
f602
04dd
fd2d
fb1c
f74e
09d9
feea
f79e
fa47
e940
f9b7
f8a3
fa6d
160d
f99b
f4e7
f2f0
faac
0a3a
06e7
0dc8
ee97
f2c7
00c2
f78b
3293
e962
fc30
0520
03ea
fcd8
fcf0
fda5
f5db
06bc
0317
02ee
0023
0ada
0738
f1be
ffa2
038e
e3dd
1b0d
f567
f7dd
d793
1609
fcb7
2f4f
0491
0673
faf2
132e
fc8e
26ac
2cec
24df
06d2
feaa
fecc
fe78
07dd
0323
f612
f7f8
ff76
f373
02f8
0780
ffd0
ede2
f951
1766
0627
12a5
fd68
f422
fc55
0f6d
0df7
0831
1299
f290
fcad
f2fb
f2d4
dc2d
0182
eea9
0252
006e
ff04
0491
f72b
002f
01c4
fb4a
fdf8
021b
f75b
0110
0507
fb09
f7c5
024e
fd2b
fd58
058a
142e
04a6
ef6c
fade
f6d5
4571
f295
0129
0d2c
08cc
1812
0b73
f9f7
fb4f
0434
009a
fb49
fb1d
0441
fc8e
0502
07a0
11fb
fd77
00de
0c48
fe6b
fcc3
1466
030b
05a3
0094
27ef
0413
13c4
0cd5
f8ba
08df
f9bf
0ad1
f5a5
065a
fc2e
faed
ce87
fb4f
0717
039d
fc7f
f98a
0b09
fcf1
0c90
0188
0c25
fdc4
f4c3
f924
f3eb
0645
039b
096d
05ad
043b
fb3c
f989
0e0b
04f3
b943
e11f
f749
ee80
0548
f821
f57f
faae
dace
0000
0000
0000
0000
0000
0000
0000
0000
0000
0000
0000
0000
0000
0000
0000
0000
0000
0000
0000
0000
0000
0000
0000
0000
0000
0000
0000
0000
0000
0000
0000
0000
0000
0000
0000
0000
0000
0000
0000
0000
0000
0000
0000
0000
0000
0000
0000
0000
0000
0000
0000
0000
0000
0000
0000
0000
0000
0000
0000
0000
0000
0000
0000
0000
0000
0000
0000
0000
0000
0000
0000
0000
0000
0000
0000
0000
0000
0000
0000
0000
0000
0000
0000
0000
0000
0000
0000
0000
0000
0000
0000
0000
0000
0000
0000
0000
0000
0000
0000
0000
0000
0000
0000
0000
0000
0000
0000
0000
0000
0000
0000
0000
0000
0000
0000
0000
0000
0000
0000
0000
0000
0000
0000
0000
0000
0000
0000
0000
0000
0000
0000
0000
0000
0000
0000
0000
0000
0000
0000
0000
0000
0000
0000
0000
0000
0000
0000
0000
0000
0000
0000
0000
0000
0000
0000
0000
0000
0000
0000
0000
0000
0000
0000
0000
0000
0000
0000
0000
0000
0000
0000
0000
0000
0000
0000
0000
0000
0000
0000
0000
0000
0000
0000
0000
0000
0000
0000
0000
0000
0000
0000
0000
0000
fff5
ffec
fff6
0008
0005
001b
ffd9
0013
000d
ffd7
ffda
002c
fff2
005b
fff3
0019
00a3
ffbb
0095
ffe7
ff81
ff95
ffbd
016a
ff9e
fd4e
0066
0a10
feed
f598
13c3
0009
0028
ffe0
0009
0011
001c
000b
0007
ffd5
ffe4
0029
0014
ffe9
ffa3
ffdb
000a
ffaf
0065
ffaa
0006
00f3
0116
0043
fe33
014f
ff16
003b
ff5b
0a73
f9d7
eedf
f13a
0005
0011
0005
000a
002c
ffeb
0007
001c
0007
0020
fff3
0009
0033
fff6
fff0
fff4
ffee
ffeb
ffef
0030
003d
ffde
005e
000f
ffd6
01bf
ff66
ffd3
ff7d
fee7
0184
ead6
ffe2
fff5
0015
ffeb
ffef
000d
ffd6
ffff
fff8
ffd6
ffff
002e
ffe4
0002
0029
fffd
ffe6
fff2
ffe7
ffe6
002a
0019
0002
ff98
0018
00ad
ff69
00cc
0100
fd5f
ffcb
ec79
ffee
0013
ffed
000b
ffed
fff9
002a
000e
0015
ffcb
000c
0020
ffdc
fff2
0026
000a
ffbe
0037
0036
ffa2
0071
ff22
014c
009b
0010
0075
fcde
fe93
0360
0f4e
e882
008e
ffe7
fff5
0019
fffa
000d
fffd
ffff
ffeb
0009
002f
ffdb
003d
fffb
ffd3
004e
ff7e
0002
fffe
ffbf
ffe8
0066
ff7a
009b
0144
ff7b
0124
0038
ffaf
07ed
f83b
10e6
fcdc
03fd
00b4
007c
febe
fbc2
00ac
faf1
0129
01ff
fb1b
03d4
047a
fecc
fb7a
f54b
f95d
005d
036e
07e3
e26d
0e37
f63c
045e
fcf5
0336
f4e5
edaf
0715
102c
0b50
e681
e565
ff82
fa61
0368
027d
00b7
f9f4
0295
fe89
0538
05e1
f81d
00f2
024f
0612
00fd
f588
fc57
ec27
01a4
0147
0b20
1038
fe49
ca10
f4c9
f227
fdcb
0323
eb41
0651
fa59
fd95
fbe0
fe4d
03c2
0151
ed69
ff58
fb72
f8d4
fa50
ef93
07f1
0573
ebbe
fa17
fe61
179b
f98b
08d5
fbcc
f769
f18c
0626
040c
f139
000f
3fad
f89b
0acf
032c
fbf9
f19b
e8d2
0615
05d3
f149
ff87
fcb3
07c7
0dbf
ff48
fd78
0154
f321
05f4
03f9
e67c
f7ac
0413
f26d
06d2
0d1a
0582
f840
02d0
f3e5
ff3d
06a7
e12b
1302
04ac
f8ba
f2e9
0104
1aa4
fa84
fb8d
0423
f8ba
ff5c
01a2
f685
fd6d
fb5b
05ca
fdd1
fc15
0067
fda9
087a
03f8
0527
f6f5
0816
068e
0ce1
0076
28f3
f1c2
099f
09d6
0b2c
fe94
fbd8
f629
2dd2
06f6
02e5
fe76
fe29
fdad
fdc4
02b0
04a1
fc6a
0382
ff0f
0703
fca9
09d1
fefc
febc
06f2
068c
fab6
f8a4
0d68
1064
049d
0a32
e5a4
073a
00b1
0710
ed69
07ae
f24a
1bd0
f76e
0680
063b
fc8c
010d
f96c
008e
f9e2
ffb7
01b4
fae9
03b3
07d4
fa8e
f978
fea0
f895
fbd4
0693
07a2
e3e1
073c
f6cb
fc59
f8df
fcb8
eb73
ea2e
025a
2107
febf
de94
d604
ff44
ffa4
04bd
03e3
fc19
fc3a
01c3
0090
06a4
01d6
fa40
fce4
0212
078a
fd45
fc4c
fb8e
e986
fc9e
01a3
0a02
040d
f8aa
cd3a
fb9d
fd8c
006c
fbc7
e63c
06b6
095e
f50a
f5b9
fa46
0644
fc1e
f4a2
fd00
f969
f6cb
f966
f26d
0804
09cc
f3ab
0238
0602
131e
0208
0899
fe4d
f8fe
fbe4
f96d
0241
f8d4
fdc8
457a
0270
05da
08bb
f489
0591
ee69
fe6e
fca7
f47a
09bb
f66f
0af9
0e4d
058c
f8c7
030a
f836
0884
09e2
f128
fa32
fec4
f2ce
09eb
0e0f
005b
054f
0980
f341
f93f
0528
ee46
18b4
fbf9
0137
f934
fbde
2ad0
f982
018b
0415
fb13
00d0
03c3
f868
f834
fe64
0791
03c9
fbd3
0422
fd60
03db
fe19
04e8
f9ac
0160
06b9
0835
fd5a
26c3
eea7
010b
092d
0f3c
015f
045e
ea23
2e59
02ab
02a9
fde1
023d
fc89
ffdc
009d
02de
014f
0495
0330
faae
f833
0893
03fd
fcab
09c4
122b
0127
fdd3
16a6
1487
069b
06c2
f1e1
0beb
e85c
ff85
f942
ffc4
e92c
1f4f
0000
0000
0000
0000
0000
0000
0000
0000
0000
0000
0000
0000
0000
0000
0000
0000
0000
0000
0000
0000
0000
0000
0000
0000
0000
0000
0000
0000
0000
0000
0000
0000
0000
0000
0000
0000
0000
0000
0000
0000
0000
0000
0000
0000
0000
0000
0000
0000
0000
0000
0000
0000
0000
0000
0000
0000
0000
0000
0000
0000
0000
0000
0000
0000
0000
0000
0000
0000
0000
0000
0000
0000
0000
0000
0000
0000
0000
0000
0000
0000
0000
0000
0000
0000
0000
0000
0000
0000
0000
0000
0000
0000
0000
0000
0000
0000
0000
0000
0000
0000
0000
0000
0000
0000
0000
0000
0000
0000
0000
0000
0000
0000
0000
0000
0000
0000
0000
0000
0000
0000
0000
0000
0000
0000
0000
0000
0000
0000
0000
0000
0000
0000
0000
0000
0000
0000
0000
0000
0000
0000
0000
0000
0000
0000
0000
0000
0000
0000
0000
0000
0000
0000
0000
0000
0000
0000
0000
0000
0000
0000
0000
0000
0000
0000
0000
0000
0000
0000
0000
0000
0000
0000
0000
0000
0000
0000
0000
0000
0000
0000
0000
0000
0000
0000
0000
0000
0000
0000
0000
0000
0000
0000
0000
fff3
0002
0011
0016
ffed
0009
0008
fff0
fffe
fff6
000d
fff2
fff4
fff6
fff3
fff5
fffb
fffd
0004
fff4
fff9
0035
000a
ff02
fffc
0000
00ab
ff47
ff5d
16d7
025c
fe71
0007
0011
ffff
0010
000d
fff9
0001
0012
0011
001b
ffed
fffa
fffa
0025
0017
fff4
0008
fffc
ffe8
001c
ffe7
ffdc
ffd8
ff91
0008
004b
ff6c
0153
fe1e
fb7c
ff86
ffc6
0005
fff5
fff4
fffc
fff6
000c
0011
0012
fff4
fffb
ffe6
0000
fff9
0023
fffd
0013
0007
001f
fffd
ffdf
fffc
fffe
fff3
0025
ff5e
008c
026d
0038
00bf
fff3
fb50
0345
0012
fffa
0011
fff7
0014
0010
fffc
0001
001d
002a
fff6
fffd
0006
0006
0010
fff1
fff8
0015
0003
0012
ffff
0007
fff4
0005
ff96
00a7
0010
0033
ff21
0144
ecd3
fb01
fffc
0028
0005
fff0
0017
fffb
ffee
fff6
0000
000e
ffdd
0006
fffe
fffe
000d
0007
0012
fff7
fff0
0005
ffef
fff8
002a
ffde
0000
0059
008a
00cd
ffda
fcab
ff12
ffb2
fff4
0002
0000
0014
fff0
0010
fff5
0011
0014
0017
fff1
0004
0004
0008
0003
fffb
ffee
0005
ffde
ffd4
fffa
ffe7
002a
0066
fff6
000c
ffc7
00cf
003d
edd0
0283
fd6f
0734
fe21
f609
f82d
ff27
fcc1
0ad5
0472
f759
0394
f4d0
055c
0819
f80d
0173
06b7
00a0
1763
0578
061b
ffbd
0432
fbb9
c30e
0567
03ab
004f
0d57
f76b
edb1
0672
fbdc
0aa2
faa9
04c6
0361
f610
fcd3
04ff
ff3b
f71e
f719
fe8f
02c0
f44c
fa3f
06b4
038f
06dd
02d9
fd1f
fb6a
f965
fa87
fab7
052d
0505
0086
020a
fec1
04ce
edd9
f248
0382
0429
017f
09ba
fc3e
fc5d
00a7
f39c
0500
fc97
02fd
0c46
fe47
f98a
f31b
0386
fb07
00cb
fdda
03d5
105d
0460
fdd7
0284
fd13
acd4
f52e
0b8f
f7df
f9eb
03f4
f630
fa67
fb9d
0398
fe9d
0394
f082
fea9
05d8
fd09
ef42
fefe
fcfe
f5ff
06ec
fcac
f237
fa38
005c
fe58
f371
00e4
0459
05da
fd02
fbb9
0d93
fe9b
ff5f
012e
ebc3
02cb
f9d6
f7b7
f6b8
f97e
fba2
fec2
f2eb
0795
10ff
fcc0
01ee
0d68
fcde
022a
f8f0
04e6
f815
fef8
03cd
2148
fa2e
0174
00f4
031a
0329
06d3
fdc7
ff4e
0ac6
047d
03a4
f114
08a7
02f1
08ee
fa3d
015a
f113
068b
f3cc
fb4f
0954
f593
fefe
ffa6
ee22
f30a
01cd
fac5
ffa6
fe52
0852
feed
00ca
0214
fd8c
02e5
3fcc
fc72
0911
fdb3
ff24
00eb
125e
01dc
f93a
f9d4
fe97
f87a
0836
0326
0684
0793
fe90
f68c
0b0f
f914
0283
04fb
f623
0639
0212
0287
1982
0e1c
10d9
0492
086d
fff6
c0f9
0ad9
ffef
fa68
06d9
fc0a
eb05
fece
0400
0eac
fae2
0060
0590
f528
f0e6
0804
007a
fc65
f6bf
fd35
fdbd
f78d
f925
0544
0b77
0114
0429
03cb
f427
ff01
fd15
0066
054f
fd81
030c
ffe3
fcab
fc31
ed22
f3e4
0bcf
0657
0019
0640
01d5
0047
0364
f477
fc00
0539
fe20
04f4
ffa4
013f
ed7d
0210
007c
00f8
06fb
0a9b
0787
0344
0632
ff90
01f0
b1bd
fb13
0b13
f717
0119
05e1
ec6d
0b51
03d5
00d1
fc8b
028a
ef71
faa1
f836
f863
ef7e
fd30
f1a2
f563
fb95
fd66
f9e1
f8d5
ff5a
066c
0030
0010
0577
ffd7
fa86
02df
0b03
049f
fe5b
0433
f64c
0813
0b3f
f9d8
f6ad
0042
fba5
09cd
f6d6
095f
0bba
01e2
0265
fc33
066c
01f7
fed5
02e1
fc53
00bc
0055
1892
005a
033d
02d3
fc99
063e
06ba
ff6e
fdd8
0274
0b7b
fd24
f165
04da
01f1
f95c
f60b
fe02
f604
0953
f621
fdbd
ff9a
ecdb
01aa
01aa
f2ee
f7a9
fe2f
fc8b
fc40
04df
0558
f68a
ffbf
fd9d
0799
fd7d
4975
012c
02a5
fb7c
fca3
01b0
1326
fdfc
fb6a
0000
0000
0000
0000
0000
0000
0000
0000
0000
0000
0000
0000
0000
0000
0000
0000
0000
0000
0000
0000
0000
0000
0000
0000
0000
0000
0000
0000
0000
0000
0000
0000
0000
0000
0000
0000
0000
0000
0000
0000
0000
0000
0000
0000
0000
0000
0000
0000
0000
0000
0000
0000
0000
0000
0000
0000
0000
0000
0000
0000
0000
0000
0000
0000
0000
0000
0000
0000
0000
0000
0000
0000
0000
0000
0000
0000
0000
0000
0000
0000
0000
0000
0000
0000
0000
0000
0000
0000
0000
0000
0000
0000
0000
0000
0000
0000
0000
0000
0000
0000
0000
0000
0000
0000
0000
0000
0000
0000
0000
0000
0000
0000
0000
0000
0000
0000
0000
0000
0000
0000
0000
0000
0000
0000
0000
0000
0000
0000
0000
0000
0000
0000
0000
0000
0000
0000
0000
0000
0000
0000
0000
0000
0000
0000
0000
0000
0000
0000
0000
0000
0000
0000
0000
0000
0000
0000
0000
0000
0000
0000
0000
0000
0000
0000
0000
0000
0000
0000
0000
0000
0000
0000
0000
0000
0000
0000
0000
0000
0000
0000
0000
0000
0000
0000
0000
0000
0000
0000
0000
0000
0000
0000
ffe6
fffb
0003
fffe
0000
000d
fff9
ffff
0006
0013
fffc
001a
fffd
000c
001e
ffef
ffe5
0000
fffa
002a
ffb0
0070
fef7
ff65
0003
0133
0082
fd0b
018a
03c4
1692
ff51
ffde
0011
ffe9
fffa
ffe4
fffa
fff3
000a
fff3
fff2
0019
fffe
ffe5
ffe7
ffe3
ffe0
0001
fffc
fffa
ffb2
0047
ffef
ff57
0048
005d
fe74
ffa5
009c
0110
ff5f
f2f5
0264
0020
fff0
0012
0004
ffd8
000b
0022
0008
0012
0000
000b
fff5
0012
fff0
fff3
ffed
fffb
0005
fffe
0016
0044
ffdc
ff47
ffae
013f
ffdf
fee6
01db
ff50
ff79
09be
e972
000a
fff6
fff0
0002
fff9
fff0
000b
ffe3
fffe
0005
001f
0004
0014
ffec
000c
ffcc
0010
0034
0016
ff97
ffbc
fffe
0070
00f9
ff12
0000
fc98
0069
fcc8
ffa9
1252
0d8c
ffeb
0003
0013
0008
ffff
000a
001b
0009
fff7
fffb
fffd
ffe3
ffe7
fff2
ffe5
ffee
0011
0020
ffe8
0015
ffb2
0038
000d
0026
fede
ffa1
021f
ff2f
040b
00d7
0066
ff25
0022
ffee
0011
0008
0015
000a
0011
ffe8
000a
ffe2
fff2
fff2
fffc
fff7
000a
0015
0005
0006
fffd
ffdb
0003
ffe5
ffe6
0040
ffd4
003e
fdca
feb7
0133
1ab3
fee0
fc23
085d
0908
fd67
099c
fd90
edbd
ff19
fd7c
ff5b
fda1
0607
fddd
ff34
f551
f648
f839
036f
010c
f3e5
faa4
0502
0ccf
ecaa
fdb8
f569
edfd
f9fc
fd1e
039d
fb72
f4a8
0c68
023c
0042
0359
f73a
fdb0
0375
087a
fe40
0f5f
f30f
f743
0341
0ae9
0010
ff69
f6b5
f4a1
0015
0f76
00de
08ff
ff21
fbe2
f8b6
fe3a
c654
0248
fd04
fbc4
06fd
ef48
f81e
f8a4
09c1
015a
0800
0dbd
0363
fb50
fce8
0955
fe47
fe1b
034b
fc29
ff31
efd5
000c
05cc
0040
0692
e5e1
04be
0a06
001c
044b
ffcc
fe06
0c2c
fd74
0650
f217
0427
080b
fe82
072d
0673
0046
0032
065d
f0e5
0feb
ff55
f598
ee92
0a67
f877
fb6a
08da
01d6
fe07
f095
fce1
0038
f8df
fe17
fe43
3155
0a48
f17c
f504
f9cc
14e5
0642
f22a
0d68
0f4f
0c82
f5fd
05fb
0699
fdd8
ea13
038a
07cd
ebba
fee0
0488
0dd7
fbb9
fd57
ed08
02da
1991
fa32
01ee
f540
fb69
fa88
fc92
ad37
fb52
0bd8
fd30
fa4f
ef24
f988
05f5
fa96
05ed
f55b
fa35
f0f1
096e
0045
01ce
032b
102b
10b5
fdec
06e8
0754
0467
f794
0416
0360
f816
f389
ffc6
046e
0485
05d0
102e
087f
0213
fe04
03e4
fe24
0726
0306
0136
0184
0333
06ea
fb54
f247
0402
0194
fecd
06a9
0bf3
fe72
fffb
f1f0
ff4a
f7bd
033d
0268
fd9e
f03e
fa32
0ada
f063
0792
ffdc
ebab
f622
ff0a
fc7c
f51e
fd9b
0a62
0958
01d1
03c9
f602
fc09
fc17
0a29
0a98
0aa6
fe1d
f9e9
0b61
06e6
012a
fea0
f5d0
f9f0
090a
0af8
ff67
098d
f00a
fb08
fcfc
0841
c1df
f823
fb8c
f955
06bd
f1b2
ff14
01e9
047e
fb28
0a50
0adb
02af
fb97
fc6e
0a89
ff93
fb24
05e4
f91f
021e
f404
0034
0235
004b
0398
e8d3
045b
f9de
0090
0666
ff03
0780
00f5
013c
0ac8
fa47
0dab
1349
f9c7
02af
0583
06ca
04ac
0231
ec92
11dc
050f
f887
ee94
03c3
f3ef
ff92
01e2
056d
faff
e8c1
fa46
fb38
f9ac
131b
01c6
3784
0784
fc50
f525
f324
0c6c
fd0a
eef1
1637
0d4b
fac1
fadf
ff61
0c76
009c
ec5e
ff71
078f
ef8d
06f0
fcd2
1927
faff
f4e5
f002
01a5
1582
f91a
002f
f92b
fe46
ff17
fb17
b780
f575
0c42
03fe
01bd
fdd8
fe26
01b0
08c6
047e
f366
f91e
f4f1
ffa2
ffbe
01f8
ff6d
0863
12a9
fc16
01e8
09b2
015b
0832
0152
005a
0339
edc4
040e
118d
093c
feb8
1163
ffb1
08c4
fbcb
fdd0
f996
0173
0011
0000
0000
0000
0000
0000
0000
0000
0000
0000
0000
0000
0000
0000
0000
0000
0000
0000
0000
0000
0000
0000
0000
0000
0000
0000
0000
0000
0000
0000
0000
0000
0000
0000
0000
0000
0000
0000
0000
0000
0000
0000
0000
0000
0000
0000
0000
0000
0000
0000
0000
0000
0000
0000
0000
0000
0000
0000
0000
0000
0000
0000
0000
0000
0000
0000
0000
0000
0000
0000
0000
0000
0000
0000
0000
0000
0000
0000
0000
0000
0000
0000
0000
0000
0000
0000
0000
0000
0000
0000
0000
0000
0000
0000
0000
0000
0000
0000
0000
0000
0000
0000
0000
0000
0000
0000
0000
0000
0000
0000
0000
0000
0000
0000
0000
0000
0000
0000
0000
0000
0000
0000
0000
0000
0000
0000
0000
0000
0000
0000
0000
0000
0000
0000
0000
0000
0000
0000
0000
0000
0000
0000
0000
0000
0000
0000
0000
0000
0000
0000
0000
0000
0000
0000
0000
0000
0000
0000
0000
0000
0000
0000
0000
0000
0000
0000
0000
0000
0000
0000
0000
0000
0000
0000
0000
0000
0000
0000
0000
0000
0000
0000
0000
0000
0000
0000
0000
0000
0000
0000
0000
0000
0000
0000
fff1
001a
ffec
0023
0013
fffc
fff7
0016
0003
fffb
ffef
fff6
000b
ffed
000d
ffea
001a
ffcd
ffd5
fff4
002e
0139
0137
fffd
026b
ff31
00dc
030e
08aa
0d23
f816
001f
001b
0013
ffff
001a
000d
ffff
fff7
0006
ffe5
0005
0025
000e
0003
0009
0019
0015
ffe3
fff3
0006
0002
ffe9
0067
0045
00a9
fef8
fee9
00ee
fd27
ff3e
0175
e509
ffd6
fff5
0013
001d
fff1
0001
000b
0013
fff3
0007
000c
001c
ffe9
ffed
000f
0002
fffd
000b
ffef
fffd
fff0
001a
ffed
00a1
000b
ff70
ff44
019b
0113
f86a
0502
f572
fff6
fffc
ffec
000c
ffe9
0013
0005
000f
fff6
0002
fff6
fff1
0012
000b
0005
0020
fffd
fffe
000e
fffe
000e
ff9f
ffee
004d
ff3b
ffa5
00f5
0171
fe2b
000b
150a
feff
fff9
0014
001a
fff1
000b
ffe7
0010
0006
fff2
0003
0001
0010
0016
0002
fff1
ffe2
fff5
000c
000f
0007
0005
0021
002a
ff74
004a
0002
ffd3
ff8d
ffd2
01dd
ffd8
fe84
001b
ffd0
fff4
0006
0005
ffe4
ffff
fff8
0002
fffe
0008
ffea
ffe7
0041
fff6
0004
000a
fff1
0001
0008
001d
ffdb
fff3
ffd5
ff4f
0035
0116
feea
fef5
15fc
fc3c
f731
016e
0644
f821
04c6
f369
f5ce
faf8
fb64
fa6b
faad
00c6
0cf1
0176
01b9
fe47
05a4
fbf9
fdc7
fd44
fd41
fd45
fdd0
05de
0e7b
08d0
f786
f5b1
05d1
078e
0ea7
02f1
eeef
f739
fa3b
fb56
05aa
ffaf
fea4
0639
0c53
04f7
fa3b
fee7
f714
0139
fe18
f4c7
01a5
1c8b
0040
fca0
ff3a
ff69
0554
fc26
fae0
3e9c
ff09
ffbf
01ec
022a
faf6
0a98
f912
0be0
0025
041d
f562
f9b2
fbfa
03a1
003d
0725
fe96
f79f
057a
ff7e
ffe0
f7a7
fea7
0d36
0420
0938
ffac
00c9
0590
004b
fd7f
f5dd
fe42
03a4
0b3a
05ea
0014
1047
f92d
036d
0587
0c00
fe89
0832
0dc4
ff2d
f3a2
0229
f144
0369
fccc
0fc7
05c7
0b1b
0ac5
0429
0498
ff2a
0437
014c
fe1e
02ed
03bd
c0d2
fe75
031d
fe4e
ff53
ff84
0299
066f
0e33
0071
0b39
104c
0142
105a
f8d5
f8e7
f208
03e9
fb6d
fdcb
ff55
fff2
0141
ecae
006c
eaa1
0645
064b
0061
fcc3
007b
be35
0008
fd63
03dd
03db
0934
071c
ff2d
f81d
f5a5
033b
0580
08c0
fcc0
fed1
fd84
ff17
0aca
ee2b
0627
15e3
0039
0beb
fc12
02f5
04e7
ff1e
fce5
01fb
0501
0184
fba7
05b2
ff8c
fb8c
024b
f727
fe00
f2f8
fbc5
fb17
09ef
0620
fb6c
00e2
f76b
eeed
05aa
f96c
f9a3
fdff
0489
0ce8
0151
fc95
038f
00a9
00b7
02e9
fdcd
fda1
00ef
03d7
00a9
0db0
08ad
fdd4
f949
01ae
0bb8
0aba
0763
f2bf
0168
0355
f293
099a
fbb7
fa55
018c
0fb6
00cc
f9dc
fcb6
fcce
0056
ffbf
efd0
fe5d
14c2
060c
fdf2
08b9
0009
012d
fee9
f938
4488
fc31
017d
0312
01e8
fc2b
0dac
fb88
feb4
f650
0288
f8c8
f359
f707
f959
fcaa
fcf7
023d
fef2
004b
ffcb
014d
fc0a
0029
0d16
04a9
0dc8
02b8
01ea
fdc7
020c
0607
f67b
fe68
0256
091c
0512
f8a8
0bec
f9bc
0cc0
0682
07ed
f369
0c8d
041f
00a3
efd3
ffaf
f101
0096
05c7
0bd1
ff79
0653
07e7
00f2
0631
034e
02cc
06bd
091d
0377
042e
bdfc
fca2
075f
0a71
fb54
fe15
ff4a
0658
0fd4
fa1c
fee8
0aed
004d
1439
f620
fb57
f3f6
0372
fe9c
feec
fdb2
f834
fc70
fe71
fa8f
ed83
fc5f
049b
fed5
fff1
fd17
bd11
0085
01ab
0218
fb4a
0136
0c13
02d2
f5f4
044f
fe56
09a2
1092
fd84
06e6
0033
ff2a
012e
ed4b
0090
14fa
01b6
f7b4
02fa
fb86
074f
fed4
007f
020e
06e4
fd4c
03b7
0696
fe79
0316
fadf
f7f3
f8be
ed60
fc59
f977
0000
0000
0000
0000
0000
0000
0000
0000
0000
0000
0000
0000
0000
0000
0000
0000
0000
0000
0000
0000
0000
0000
0000
0000
0000
0000
0000
0000
0000
0000
0000
0000
0000
0000
0000
0000
0000
0000
0000
0000
0000
0000
0000
0000
0000
0000
0000
0000
0000
0000
0000
0000
0000
0000
0000
0000
0000
0000
0000
0000
0000
0000
0000
0000
0000
0000
0000
0000
0000
0000
0000
0000
0000
0000
0000
0000
0000
0000
0000
0000
0000
0000
0000
0000
0000
0000
0000
0000
0000
0000
0000
0000
0000
0000
0000
0000
0000
0000
0000
0000
0000
0000
0000
0000
0000
0000
0000
0000
0000
0000
0000
0000
0000
0000
0000
0000
0000
0000
0000
0000
0000
0000
0000
0000
0000
0000
0000
0000
0000
0000
0000
0000
0000
0000
0000
0000
0000
0000
0000
0000
0000
0000
0000
0000
0000
0000
0000
0000
0000
0000
0000
0000
0000
0000
0000
0000
0000
0000
0000
0000
0000
0000
0000
0000
0000
0000
0000
0000
0000
0000
0000
0000
0000
0000
0000
0000
0000
0000
0000
0000
0000
0000
0000
0000
0000
0000
0000
0000
0000
0000
0000
0000
fff6
fffd
fff9
ffeb
fff4
fffd
ffff
0018
003e
ffe6
ffd6
0026
0018
ffce
003a
0018
ffa8
0005
0086
ff4d
ffb6
fefb
00fa
ffa2
0692
fff2
f9f5
fd21
fd97
fd9d
1aeb
09af
000a
0010
0007
fff3
0037
fffe
ffe6
0035
0004
ffd8
002e
ffcf
0013
0020
000e
007d
ff85
ffca
ffb4
feee
ffce
fe99
00f5
ffc2
fffe
fda4
ff5d
fec7
f30f
ef82
ee8b
f6bd
fffb
fff4
ffea
0024
ffe6
fff4
fffb
0000
ffe9
0007
000d
001d
0015
0010
0006
fff7
0030
fff3
fffa
0023
ffd3
ffaa
0241
ff42
00d1
0282
0098
02e7
08d4
14a2
0571
0745
ffff
002f
001a
ffc7
0004
ffe2
ffff
0003
fff7
ffea
0013
fff8
fff2
fff6
0006
fff8
fff7
ffe6
fff3
0020
0012
ff81
0047
fffa
018d
0086
0074
fef5
1b48
fc1e
011e
fe15
ffff
ffd9
0015
0012
000f
0016
0008
001f
001b
ffea
001c
005c
0033
0033
0039
0053
ff95
0060
ffd0
ff74
ffd5
feac
ff76
00dd
fe89
01d3
00cb
0018
01d9
0046
01e4
2949
0022
fffa
000e
ffd8
fff3
001f
ffd0
ffe6
ffde
ffbf
fff1
0003
0008
ffce
0016
ffd1
0004
ffdc
ffe4
ff5c
0030
016b
005d
fe28
f6d2
fedc
fd9c
fcff
f990
06e7
fcf4
0d10
042d
0122
fd67
0231
fd06
01ba
034a
fbf1
fbfd
0555
0296
fb14
f9c6
05ef
0735
04cc
fd51
0260
01c3
f455
ffb7
f352
044f
149a
4000
fdd0
f480
ffa4
fa13
ee7b
e998
fca0
0364
fb4a
fe1e
ff52
feea
032e
0341
fed5
0237
0320
faf1
0803
f97f
08a8
05b3
0a39
fba5
fcb4
f7eb
fd82
00e7
f0d9
0015
0759
f616
f8dd
fa1f
03dc
021e
001f
f344
05e8
0965
f87e
0c25
06ce
04dd
0ea5
0084
064b
05a3
0327
000a
f2b7
f949
0794
f31a
fea6
043f
026a
0497
fdcc
0424
046d
07ec
0032
0a1f
fdd9
0175
057d
12a7
fe4e
fe2b
0d9b
04c9
f9c4
fc20
08bf
facc
0814
0827
fa7c
04a2
08a3
09e7
094a
f856
0ccc
08d8
fdd9
f933
1457
fbea
ff74
04ca
ffc3
f7cd
ffab
44a6
028f
0647
0609
0a6b
faf8
0574
f819
028b
0618
f842
0130
fee0
fd8d
f8b7
001d
0a22
ffe8
fc17
03ae
0139
f781
0818
f59c
fb9c
f64e
0110
f80b
ff2a
0778
02f2
0055
00fd
0836
fb2a
fc14
032c
0ce6
094a
080b
f7ec
0a30
0046
06b9
fb38
fece
02a8
0048
0e71
fb6a
055c
f63b
fa05
f9c3
fc1b
fd35
1603
fe35
fcf6
0df1
0236
06b5
fbc7
b47c
efa0
fd88
f5f2
feef
fd0e
111f
fc7c
03ec
fe80
058b
007f
043d
fc1c
0097
0387
fd4e
fab8
04ed
0158
fbd5
fb10
087c
0723
0aed
fb5b
0106
0441
f217
0480
faca
091b
09f6
479b
06c5
f35a
f88a
fd02
eb57
ec44
f785
05f1
fd5d
fb90
005f
fc0d
04e0
0592
fd3f
028d
0228
fbd0
0b21
fa8f
0787
0771
0817
f30e
fdcd
f8d5
fad4
0203
f430
0077
0810
f26c
fb37
fe02
08d6
0fae
0530
eb9c
fff0
fcce
00cd
0a91
fd06
f5bd
1296
fb79
02a7
0408
0613
0095
f767
0241
fd64
fb06
008e
f9e7
f7fd
0835
f8fa
041d
048b
fddf
f7e4
0980
057c
01f7
fb51
0f51
04c2
05fe
11a1
0afe
fdf1
02ec
096e
0463
0753
fe0c
fc3e
074c
01bc
fdfd
0815
f8f2
08fd
0d4b
f9a4
f7ad
1498
f8cb
ff45
031b
fb0a
f867
f9a1
4380
0739
09ac
0cac
ff10
04bf
fc84
fb70
0b1c
0093
fadb
faff
fefe
fbe2
fb71
03fc
02f4
fc88
f945
0954
031a
f656
082f
f690
f7c0
0435
fdea
f8a6
02ba
f822
fb73
fcd3
fcec
f980
f7df
06bc
fd39
06dc
02ab
01ce
014b
0985
f70e
070b
0546
0374
04c1
067a
0c19
fc3b
0193
ff46
fb12
fa06
fcfd
fcbe
12e8
02ec
01bb
087d
0183
09a4
0675
b2f2
f2d7
fd00
00cd
f7f8
00d4
0cf8
0066
ff85
0000
0000
0000
0000
0000
0000
0000
0000
0000
0000
0000
0000
0000
0000
0000
0000
0000
0000
0000
0000
0000
0000
0000
0000
0000
0000
0000
0000
0000
0000
0000
0000
0000
0000
0000
0000
0000
0000
0000
0000
0000
0000
0000
0000
0000
0000
0000
0000
0000
0000
0000
0000
0000
0000
0000
0000
0000
0000
0000
0000
0000
0000
0000
0000
0000
0000
0000
0000
0000
0000
0000
0000
0000
0000
0000
0000
0000
0000
0000
0000
0000
0000
0000
0000
0000
0000
0000
0000
0000
0000
0000
0000
0000
0000
0000
0000
0000
0000
0000
0000
0000
0000
0000
0000
0000
0000
0000
0000
0000
0000
0000
0000
0000
0000
0000
0000
0000
0000
0000
0000
0000
0000
0000
0000
0000
0000
0000
0000
0000
0000
0000
0000
0000
0000
0000
0000
0000
0000
0000
0000
0000
0000
0000
0000
0000
0000
0000
0000
0000
0000
0000
0000
0000
0000
0000
0000
0000
0000
0000
0000
0000
0000
0000
0000
0000
0000
0000
0000
0000
0000
0000
0000
0000
0000
0000
0000
0000
0000
0000
0000
0000
0000
0000
0000
0000
0000
0000
0000
0000
0000
0000
0000
0049
ffd3
0015
ffbd
ffbf
000d
fffc
ff85
0071
0051
ff61
00ad
ffd1
000b
004d
ffed
0011
005c
003f
0058
0027
005c
fed3
002a
ffe3
ffdf
024b
fc4d
fb1c
0529
30ba
148e
ffa7
0085
006b
0025
fff8
00c1
ff6f
0088
0078
ff7f
ffa3
0037
004d
001b
ffd8
005d
0067
ffff
ffcd
ff98
ff83
001a
0090
fed4
ffb5
fecb
ff1d
0596
ff96
13ce
17e5
1089
ff8b
fffc
ffb5
005d
008a
0061
fff1
007d
ffbc
008a
004e
001d
ffd8
ff82
ff20
fff2
0006
0049
fec0
fffd
0006
00c9
ff0a
013e
ff92
faad
ff47
006d
01b7
0400
22f1
00fb
00e6
fff5
ffe8
ff20
ff64
0047
ffff
0024
ffc4
ffcf
0056
ffcb
0056
0050
00dd
00d1
007d
ffd4
ff9b
ffad
ffb2
00c2
ffaf
00e1
0099
ff6e
ff69
ffa0
faaf
009b
1d21
1233
fff6
fffb
ff42
ff70
ffdf
ffad
002c
ffbc
0081
0005
000a
ffea
ffb9
ffb5
0058
0006
ff57
0053
ffff
feef
ff1a
00d0
0152
fac9
fe9e
fce6
ff03
fcf2
fa03
f6cb
05ce
f19f
ffd9
ffca
ffe4
006e
0041
0038
ffdb
0040
006d
ffdb
fffb
0023
0056
ff37
0085
ffcb
ffb1
ffe7
0085
004d
0008
00c5
ffb4
fed2
00f3
ff41
f9e5
f7bc
fef0
e750
f644
dd86
f575
0280
fb31
05ed
0d13
f5e8
f773
0523
060b
fdbc
055e
faa8
f995
0909
01df
fd56
0009
1745
f633
fae3
0c55
fdd5
06c5
0009
fcf8
00fc
0b70
fae7
ffb0
0304
193c
1c41
0bb9
03a8
f4e0
0700
f8e4
0290
0b05
02b9
f9fe
1222
fe14
f0b9
fed8
fea8
0426
fe4a
09fc
0135
fccd
0f21
fef3
f81a
0e3f
cf0f
0d82
043b
ed03
0a1e
0368
1234
e5fe
1771
03a7
f633
f025
faa5
0873
eab8
0255
fff9
1134
fb33
faf6
0632
0549
f2eb
00c0
0202
011b
f672
fbfd
00df
fc3b
fc47
ffc1
fea5
0ea3
f28d
0206
ff22
fb25
0000
13d5
006c
ee5f
f63f
023d
04d1
00fd
033a
f712
fba3
fbd6
00bf
f2a6
0044
057f
06da
040c
f92a
0530
1289
017f
0046
fb78
0390
0591
fffe
3d50
0738
0afd
0419
fe73
03fa
078e
1495
ff1b
026d
fd3d
fe1d
fff3
fe51
0704
fd5a
fd8d
098e
0192
0218
04e7
fec9
fc21
0050
f77e
090c
f589
ff2b
02f6
04bf
fd7f
bae6
fe9c
fb16
02f7
f995
06b8
f390
0709
efff
0562
0025
fe95
fd3a
0555
fddf
fb6a
fed8
0010
fb2a
fa51
05b7
0254
ffb0
f507
ff25
069e
fcf5
048b
081b
fff7
02fc
fef4
0120
fd57
0532
ff32
043a
fbad
0862
f470
02a0
eb33
fc6a
0391
0574
0e18
f70d
f622
fcbd
0d32
fa1d
fea7
0077
fbf3
ffe1
0688
f2e6
fffa
12c8
ff90
fcec
0729
0534
0024
ff08
fcc7
0594
0961
f886
fb36
0b56
1d79
16f7
f64f
f9b0
f90c
0bb5
01f5
0164
0bcf
0976
fd37
0d4c
fef4
f375
fe3d
f273
fdff
0319
048e
023e
fcb9
0f6e
ff72
f982
0da5
d452
0662
fe56
f39b
0ab3
05d2
1922
e150
19fc
1504
031b
f29b
f7b4
feff
f5c8
00f7
fdc1
15a6
01db
fc41
02cb
fee1
efe0
099f
0406
fa5f
f970
f7d2
fc09
fa25
022c
fc75
0081
108b
f6ba
fcba
03d6
0011
0892
0f4c
fff6
f794
ee98
f65f
0a82
fbee
f87b
f380
0172
0199
fbd5
f17d
0339
fecd
0782
ff5f
fae9
0308
120e
0164
f748
faeb
0490
fc55
fecd
3cdf
028a
0af2
fede
fa5c
fbbd
0101
0dca
f857
0467
fd94
0433
fab5
ff98
07f7
fb10
000e
0c9e
013d
fb16
0a94
01a7
fb7e
05a5
f7bb
01c8
fd09
fe3a
004e
0ed6
fedf
bcbc
efc8
ff59
01b2
fa93
0224
f07a
04d5
ea34
ff02
0702
030b
fde1
03c6
fe82
fac8
fe31
0353
fca5
faa5
f8a9
fddd
062e
f8ee
01f7
09ca
fe76
0951
0e37
0102
0534
fc6e
03c0
010f
0b3e
f8eb
036d
0094
0c24
f353
0ab2
0000
0000
0000
0000
0000
0000
0000
0000
0000
0000
0000
0000
0000
0000
0000
0000
0000
0000
0000
0000
0000
0000
0000
0000
0000
0000
0000
0000
0000
0000
0000
0000
0000
0000
0000
0000
0000
0000
0000
0000
0000
0000
0000
0000
0000
0000
0000
0000
0000
0000
0000
0000
0000
0000
0000
0000
0000
0000
0000
0000
0000
0000
0000
0000
0000
0000
0000
0000
0000
0000
0000
0000
0000
0000
0000
0000
0000
0000
0000
0000
0000
0000
0000
0000
0000
0000
0000
0000
0000
0000
0000
0000
0000
0000
0000
0000
0000
0000
0000
0000
0000
0000
0000
0000
0000
0000
0000
0000
0000
0000
0000
0000
0000
0000
0000
0000
0000
0000
0000
0000
0000
0000
0000
0000
0000
0000
0000
0000
0000
0000
0000
0000
0000
0000
0000
0000
0000
0000
0000
0000
0000
0000
0000
0000
0000
0000
0000
0000
0000
0000
0000
0000
0000
0000
0000
0000
0000
0000
0000
0000
0000
0000
0000
0000
0000
0000
0000
0000
0000
0000
0000
0000
0000
0000
0000
0000
0000
0000
0000
0000
0000
0000
0000
0000
0000
0000
0000
0000
0000
0000
0000
0000
